step,wallclock_seconds,split,layer,mean_l2_norm
0,8.06238894,train,0,22.627296447753906
0,8.06238894,train,1,22.627323150634766
0,8.06238894,train,2,22.62732696533203
0,8.06238894,train,3,22.62733268737793
0,8.127615116,valid,0,22.627296447753906
0,8.127615116,valid,1,22.627323150634766
0,8.127615116,valid,2,22.62732696533203
0,8.127615116,valid,3,22.62733268737793
10,9.704936398000001,train,0,22.626850128173828
10,9.704936398000001,train,1,22.627330780029297
10,9.704936398000001,train,2,22.6275691986084
10,9.704936398000001,train,3,22.62791633605957
20,11.260613816,train,0,22.623655319213867
20,11.260613816,train,1,22.628528594970703
20,11.260613816,train,2,22.635208129882812
20,11.260613816,train,3,22.657947540283203
30,12.814207564,train,0,22.617929458618164
30,12.814207564,train,1,22.622852325439453
30,12.814207564,train,2,22.62939453125
30,12.814207564,train,3,22.714338302612305
40,14.366211112999999,train,0,22.604949951171875
40,14.366211112999999,train,1,22.613712310791016
40,14.366211112999999,train,2,22.62274169921875
40,14.366211112999999,train,3,22.80902099609375
50,15.919068244000002,train,0,22.58306121826172
50,15.919068244000002,train,1,22.601421356201172
50,15.919068244000002,train,2,22.616260528564453
50,15.919068244000002,train,3,22.931262969970703
60,17.472401506,train,0,22.560298919677734
60,17.472401506,train,1,22.588268280029297
60,17.472401506,train,2,22.612260818481445
60,17.472401506,train,3,23.05914878845215
70,19.024705175,train,0,22.538450241088867
70,19.024705175,train,1,22.575166702270508
70,19.024705175,train,2,22.605472564697266
70,19.024705175,train,3,23.183860778808594
80,20.577411401,train,0,22.519237518310547
80,20.577411401,train,1,22.56380844116211
80,20.577411401,train,2,22.59514617919922
80,20.577411401,train,3,23.29787826538086
90,22.130711863000002,train,0,22.502317428588867
90,22.130711863000002,train,1,22.552539825439453
90,22.130711863000002,train,2,22.58148193359375
90,22.130711863000002,train,3,23.40399932861328
100,23.685243226,train,0,22.482955932617188
100,23.685243226,train,1,22.539081573486328
100,23.685243226,train,2,22.56043243408203
100,23.685243226,train,3,23.51312828063965
100,23.744659013,valid,0,22.481050491333008
100,23.744659013,valid,1,22.537120819091797
100,23.744659013,valid,2,22.556589126586914
100,23.744659013,valid,3,23.522117614746094
110,25.297069124,train,0,22.460567474365234
110,25.297069124,train,1,22.517824172973633
110,25.297069124,train,2,22.530128479003906
110,25.297069124,train,3,23.618511199951172
120,26.850465439999997,train,0,22.436800003051758
120,26.850465439999997,train,1,22.497421264648438
120,26.850465439999997,train,2,22.502635955810547
120,26.850465439999997,train,3,23.71204376220703
130,28.406697980999997,train,0,22.41335678100586
130,28.406697980999997,train,1,22.476215362548828
130,28.406697980999997,train,2,22.47437858581543
130,28.406697980999997,train,3,23.80670166015625
140,29.961886365999998,train,0,22.38819694519043
140,29.961886365999998,train,1,22.452816009521484
140,29.961886365999998,train,2,22.44446563720703
140,29.961886365999998,train,3,23.897682189941406
150,31.515960686000003,train,0,22.364383697509766
150,31.515960686000003,train,1,22.430217742919922
150,31.515960686000003,train,2,22.41570281982422
150,31.515960686000003,train,3,23.987306594848633
160,33.069385364,train,0,22.341018676757812
160,33.069385364,train,1,22.404367446899414
160,33.069385364,train,2,22.388071060180664
160,33.069385364,train,3,24.074024200439453
170,34.624590189,train,0,22.318880081176758
170,34.624590189,train,1,22.376636505126953
170,34.624590189,train,2,22.361085891723633
170,34.624590189,train,3,24.159622192382812
180,36.180438783,train,0,22.298625946044922
180,36.180438783,train,1,22.351825714111328
180,36.180438783,train,2,22.33506965637207
180,36.180438783,train,3,24.24220848083496
190,37.731985687000005,train,0,22.277137756347656
190,37.731985687000005,train,1,22.32682228088379
190,37.731985687000005,train,2,22.3082275390625
190,37.731985687000005,train,3,24.32606315612793
200,39.284722181999996,train,0,22.254600524902344
200,39.284722181999996,train,1,22.30040740966797
200,39.284722181999996,train,2,22.280818939208984
200,39.284722181999996,train,3,24.403362274169922
200,39.345739730999995,valid,0,22.252187728881836
200,39.345739730999995,valid,1,22.297447204589844
200,39.345739730999995,valid,2,22.278953552246094
200,39.345739730999995,valid,3,24.415569305419922
210,40.901705144000005,train,0,22.234703063964844
210,40.901705144000005,train,1,22.275371551513672
210,40.901705144000005,train,2,22.256641387939453
210,40.901705144000005,train,3,24.481258392333984
220,42.456863204,train,0,22.216215133666992
220,42.456863204,train,1,22.249547958374023
220,42.456863204,train,2,22.23181915283203
220,42.456863204,train,3,24.558059692382812
230,44.00909312900001,train,0,22.194963455200195
230,44.00909312900001,train,1,22.225900650024414
230,44.00909312900001,train,2,22.206024169921875
230,44.00909312900001,train,3,24.631919860839844
240,45.561890375999994,train,0,22.173851013183594
240,45.561890375999994,train,1,22.201702117919922
240,45.561890375999994,train,2,22.183727264404297
240,45.561890375999994,train,3,24.70574378967285
250,47.116092179999995,train,0,22.154621124267578
250,47.116092179999995,train,1,22.174896240234375
250,47.116092179999995,train,2,22.16057777404785
250,47.116092179999995,train,3,24.774641036987305
260,48.669953457000005,train,0,22.134765625
260,48.669953457000005,train,1,22.14920997619629
260,48.669953457000005,train,2,22.135591506958008
260,48.669953457000005,train,3,24.85201072692871
270,50.221601795,train,0,22.113243103027344
270,50.221601795,train,1,22.124181747436523
270,50.221601795,train,2,22.11302947998047
270,50.221601795,train,3,24.921024322509766
280,51.773686758,train,0,22.095190048217773
280,51.773686758,train,1,22.102046966552734
280,51.773686758,train,2,22.09157943725586
280,51.773686758,train,3,24.986047744750977
290,53.32555640300001,train,0,22.07628631591797
290,53.32555640300001,train,1,22.079898834228516
290,53.32555640300001,train,2,22.066768646240234
290,53.32555640300001,train,3,25.057640075683594
300,54.876337480000004,train,0,22.058414459228516
300,54.876337480000004,train,1,22.056812286376953
300,54.876337480000004,train,2,22.044782638549805
300,54.876337480000004,train,3,25.130207061767578
300,54.933630820000005,valid,0,22.05626678466797
300,54.933630820000005,valid,1,22.054452896118164
300,54.933630820000005,valid,2,22.042617797851562
300,54.933630820000005,valid,3,25.13524627685547
310,56.486675647,train,0,22.038818359375
310,56.486675647,train,1,22.032724380493164
310,56.486675647,train,2,22.024272918701172
310,56.486675647,train,3,25.194677352905273
320,58.041523997,train,0,22.019580841064453
320,58.041523997,train,1,22.008392333984375
320,58.041523997,train,2,22.001367568969727
320,58.041523997,train,3,25.263673782348633
330,59.596460018,train,0,22.00151824951172
330,59.596460018,train,1,21.983049392700195
330,59.596460018,train,2,21.9790096282959
330,59.596460018,train,3,25.335363388061523
340,61.149256548,train,0,21.983171463012695
340,61.149256548,train,1,21.956748962402344
340,61.149256548,train,2,21.958324432373047
340,61.149256548,train,3,25.400339126586914
350,62.702304616000006,train,0,21.966907501220703
350,62.702304616000006,train,1,21.933467864990234
350,62.702304616000006,train,2,21.936288833618164
350,62.702304616000006,train,3,25.469345092773438
360,64.256586557,train,0,21.95086097717285
360,64.256586557,train,1,21.910842895507812
360,64.256586557,train,2,21.915584564208984
360,64.256586557,train,3,25.534954071044922
370,65.810023271,train,0,21.933183670043945
370,65.810023271,train,1,21.888317108154297
370,65.810023271,train,2,21.894542694091797
370,65.810023271,train,3,25.59703826904297
380,67.363304072,train,0,21.917774200439453
380,67.363304072,train,1,21.864761352539062
380,67.363304072,train,2,21.871549606323242
380,67.363304072,train,3,25.6591796875
390,68.91770274400001,train,0,21.899978637695312
390,68.91770274400001,train,1,21.842872619628906
390,68.91770274400001,train,2,21.852046966552734
390,68.91770274400001,train,3,25.726972579956055
400,70.47134338000001,train,0,21.883506774902344
400,70.47134338000001,train,1,21.818439483642578
400,70.47134338000001,train,2,21.82955551147461
400,70.47134338000001,train,3,25.791759490966797
400,70.537904293,valid,0,21.881454467773438
400,70.537904293,valid,1,21.81597900390625
400,70.537904293,valid,2,21.827192306518555
400,70.537904293,valid,3,25.79732894897461
410,72.092234948,train,0,21.86608123779297
410,72.092234948,train,1,21.794971466064453
410,72.092234948,train,2,21.809558868408203
410,72.092234948,train,3,25.857297897338867
420,73.644504977,train,0,21.848995208740234
420,73.644504977,train,1,21.772308349609375
420,73.644504977,train,2,21.789691925048828
420,73.644504977,train,3,25.91988754272461
430,75.197374807,train,0,21.831592559814453
430,75.197374807,train,1,21.749773025512695
430,75.197374807,train,2,21.770416259765625
430,75.197374807,train,3,25.98180389404297
440,76.74928996700001,train,0,21.81797218322754
440,76.74928996700001,train,1,21.725784301757812
440,76.74928996700001,train,2,21.751827239990234
440,76.74928996700001,train,3,26.0469913482666
450,78.302335302,train,0,21.80539321899414
450,78.302335302,train,1,21.703943252563477
450,78.302335302,train,2,21.731586456298828
450,78.302335302,train,3,26.100929260253906
460,79.854549553,train,0,21.791507720947266
460,79.854549553,train,1,21.680044174194336
460,79.854549553,train,2,21.708005905151367
460,79.854549553,train,3,26.156410217285156
470,81.406649379,train,0,21.777774810791016
470,81.406649379,train,1,21.657367706298828
470,81.406649379,train,2,21.687135696411133
470,81.406649379,train,3,26.212940216064453
480,82.95883023100001,train,0,21.762786865234375
480,82.95883023100001,train,1,21.633686065673828
480,82.95883023100001,train,2,21.668006896972656
480,82.95883023100001,train,3,26.2769775390625
490,84.510381222,train,0,21.746723175048828
490,84.510381222,train,1,21.608505249023438
490,84.510381222,train,2,21.649673461914062
490,84.510381222,train,3,26.32595443725586
500,86.063222362,train,0,21.731809616088867
500,86.063222362,train,1,21.587871551513672
500,86.063222362,train,2,21.629695892333984
500,86.063222362,train,3,26.378520965576172
500,86.12194183700001,valid,0,21.730562210083008
500,86.12194183700001,valid,1,21.585235595703125
500,86.12194183700001,valid,2,21.627971649169922
500,86.12194183700001,valid,3,26.385452270507812
510,87.676309668,train,0,21.720043182373047
510,87.676309668,train,1,21.565935134887695
510,87.676309668,train,2,21.61144256591797
510,87.676309668,train,3,26.43379783630371
520,89.232242141,train,0,21.705371856689453
520,89.232242141,train,1,21.543258666992188
520,89.232242141,train,2,21.592926025390625
520,89.232242141,train,3,26.484054565429688
530,90.784784316,train,0,21.69031524658203
530,90.784784316,train,1,21.521957397460938
530,90.784784316,train,2,21.572593688964844
530,90.784784316,train,3,26.532991409301758
540,92.337861382,train,0,21.6774959564209
540,92.337861382,train,1,21.499649047851562
540,92.337861382,train,2,21.55280303955078
540,92.337861382,train,3,26.588899612426758
550,93.891796658,train,0,21.661771774291992
550,93.891796658,train,1,21.47658920288086
550,93.891796658,train,2,21.534271240234375
550,93.891796658,train,3,26.641788482666016
560,95.446219785,train,0,21.64759063720703
560,95.446219785,train,1,21.457046508789062
560,95.446219785,train,2,21.515602111816406
560,95.446219785,train,3,26.686676025390625
570,96.997800751,train,0,21.63306427001953
570,96.997800751,train,1,21.434856414794922
570,96.997800751,train,2,21.494455337524414
570,96.997800751,train,3,26.733776092529297
580,98.549288945,train,0,21.6198787689209
580,98.549288945,train,1,21.416244506835938
580,98.549288945,train,2,21.474185943603516
580,98.549288945,train,3,26.773805618286133
590,100.10342443900001,train,0,21.608009338378906
590,100.10342443900001,train,1,21.395965576171875
590,100.10342443900001,train,2,21.45456314086914
590,100.10342443900001,train,3,26.82135581970215
600,101.661260952,train,0,21.594806671142578
600,101.661260952,train,1,21.374622344970703
600,101.661260952,train,2,21.435134887695312
600,101.661260952,train,3,26.871295928955078
600,101.72138279400001,valid,0,21.59363555908203
600,101.72138279400001,valid,1,21.373149871826172
600,101.72138279400001,valid,2,21.433427810668945
600,101.72138279400001,valid,3,26.87726402282715
610,103.273405369,train,0,21.581453323364258
610,103.273405369,train,1,21.35528564453125
610,103.273405369,train,2,21.416994094848633
610,103.273405369,train,3,26.912599563598633
620,104.827340748,train,0,21.567214965820312
620,104.827340748,train,1,21.33749771118164
620,104.827340748,train,2,21.399593353271484
620,104.827340748,train,3,26.952808380126953
630,106.382321331,train,0,21.554805755615234
630,106.382321331,train,1,21.31574249267578
630,106.382321331,train,2,21.379770278930664
630,106.382321331,train,3,26.989662170410156
640,107.93601189900001,train,0,21.54165267944336
640,107.93601189900001,train,1,21.296459197998047
640,107.93601189900001,train,2,21.360740661621094
640,107.93601189900001,train,3,27.035396575927734
650,109.488942066,train,0,21.53137969970703
650,109.488942066,train,1,21.27544403076172
650,109.488942066,train,2,21.342796325683594
650,109.488942066,train,3,27.07958984375
660,111.042640223,train,0,21.518043518066406
660,111.042640223,train,1,21.256080627441406
660,111.042640223,train,2,21.32620620727539
660,111.042640223,train,3,27.118444442749023
670,112.597991808,train,0,21.505882263183594
670,112.597991808,train,1,21.23673439025879
670,112.597991808,train,2,21.308197021484375
670,112.597991808,train,3,27.157329559326172
680,114.14908424800001,train,0,21.494504928588867
680,114.14908424800001,train,1,21.216838836669922
680,114.14908424800001,train,2,21.28887939453125
680,114.14908424800001,train,3,27.19033432006836
690,115.70190618400001,train,0,21.482852935791016
690,115.70190618400001,train,1,21.197072982788086
690,115.70190618400001,train,2,21.271839141845703
690,115.70190618400001,train,3,27.225671768188477
700,117.25604496,train,0,21.472393035888672
700,117.25604496,train,1,21.17808723449707
700,117.25604496,train,2,21.25452423095703
700,117.25604496,train,3,27.257892608642578
700,117.320527217,valid,0,21.47144317626953
700,117.320527217,valid,1,21.176124572753906
700,117.320527217,valid,2,21.252368927001953
700,117.320527217,valid,3,27.26020622253418
710,118.873997263,train,0,21.461505889892578
710,118.873997263,train,1,21.16075325012207
710,118.873997263,train,2,21.236305236816406
710,118.873997263,train,3,27.29574966430664
720,120.425974188,train,0,21.450468063354492
720,120.425974188,train,1,21.14072036743164
720,120.425974188,train,2,21.218542098999023
720,120.425974188,train,3,27.329998016357422
730,121.97971585500001,train,0,21.435514450073242
730,121.97971585500001,train,1,21.124618530273438
730,121.97971585500001,train,2,21.201507568359375
730,121.97971585500001,train,3,27.35586929321289
740,123.534528071,train,0,21.423500061035156
740,123.534528071,train,1,21.102415084838867
740,123.534528071,train,2,21.183204650878906
740,123.534528071,train,3,27.391429901123047
750,125.089004293,train,0,21.410762786865234
750,125.089004293,train,1,21.08480453491211
750,125.089004293,train,2,21.163673400878906
750,125.089004293,train,3,27.42112159729004
760,126.640452078,train,0,21.397533416748047
760,126.640452078,train,1,21.068340301513672
760,126.640452078,train,2,21.144685745239258
760,126.640452078,train,3,27.45151138305664
770,128.19465196899998,train,0,21.3879451751709
770,128.19465196899998,train,1,21.047809600830078
770,128.19465196899998,train,2,21.124954223632812
770,128.19465196899998,train,3,27.477935791015625
780,129.74797450199998,train,0,21.372882843017578
780,129.74797450199998,train,1,21.030311584472656
780,129.74797450199998,train,2,21.110977172851562
780,129.74797450199998,train,3,27.509502410888672
790,131.300529548,train,0,21.363914489746094
790,131.300529548,train,1,21.012557983398438
790,131.300529548,train,2,21.093935012817383
790,131.300529548,train,3,27.53716278076172
800,132.853093648,train,0,21.352575302124023
800,132.853093648,train,1,20.99882698059082
800,132.853093648,train,2,21.076387405395508
800,132.853093648,train,3,27.565425872802734
800,132.91468324,valid,0,21.35216522216797
800,132.91468324,valid,1,20.997474670410156
800,132.91468324,valid,2,21.07386589050293
800,132.91468324,valid,3,27.56793212890625
810,134.47320082299998,train,0,21.342254638671875
810,134.47320082299998,train,1,20.976627349853516
810,134.47320082299998,train,2,21.058982849121094
810,134.47320082299998,train,3,27.58482551574707
820,136.027834475,train,0,21.328886032104492
820,136.027834475,train,1,20.957805633544922
820,136.027834475,train,2,21.036653518676758
820,136.027834475,train,3,27.612001419067383
830,137.58058398,train,0,21.319440841674805
830,137.58058398,train,1,20.940404891967773
830,137.58058398,train,2,21.01706886291504
830,137.58058398,train,3,27.640731811523438
840,139.136539564,train,0,21.308229446411133
840,139.136539564,train,1,20.919631958007812
840,139.136539564,train,2,20.99962043762207
840,139.136539564,train,3,27.667882919311523
850,140.689534789,train,0,21.29599380493164
850,140.689534789,train,1,20.901325225830078
850,140.689534789,train,2,20.98044204711914
850,140.689534789,train,3,27.69888687133789
860,142.240777753,train,0,21.28387451171875
860,142.240777753,train,1,20.884187698364258
860,142.240777753,train,2,20.962730407714844
860,142.240777753,train,3,27.715774536132812
870,143.792278853,train,0,21.271495819091797
870,143.792278853,train,1,20.864761352539062
870,143.792278853,train,2,20.947338104248047
870,143.792278853,train,3,27.734987258911133
880,145.3473192,train,0,21.258596420288086
880,145.3473192,train,1,20.84905242919922
880,145.3473192,train,2,20.931987762451172
880,145.3473192,train,3,27.757286071777344
890,146.902622018,train,0,21.248506546020508
890,146.902622018,train,1,20.83082389831543
890,146.902622018,train,2,20.913206100463867
890,146.902622018,train,3,27.775068283081055
900,148.455139915,train,0,21.23966407775879
900,148.455139915,train,1,20.813194274902344
900,148.455139915,train,2,20.89460563659668
900,148.455139915,train,3,27.791675567626953
900,148.514209323,valid,0,21.238040924072266
900,148.514209323,valid,1,20.812156677246094
900,148.514209323,valid,2,20.893444061279297
900,148.514209323,valid,3,27.792818069458008
910,150.066301098,train,0,21.226720809936523
910,150.066301098,train,1,20.79596519470215
910,150.066301098,train,2,20.879770278930664
910,150.066301098,train,3,27.808223724365234
920,151.619525279,train,0,21.213417053222656
920,151.619525279,train,1,20.780385971069336
920,151.619525279,train,2,20.860454559326172
920,151.619525279,train,3,27.826335906982422
930,153.176685351,train,0,21.202106475830078
930,153.176685351,train,1,20.76340675354004
930,153.176685351,train,2,20.843544006347656
930,153.176685351,train,3,27.848957061767578
940,154.729686795,train,0,21.190933227539062
940,154.729686795,train,1,20.747482299804688
940,154.729686795,train,2,20.82645034790039
940,154.729686795,train,3,27.85852813720703
950,156.28257847499998,train,0,21.178531646728516
950,156.28257847499998,train,1,20.727542877197266
950,156.28257847499998,train,2,20.808509826660156
950,156.28257847499998,train,3,27.872314453125
960,157.83441982,train,0,21.16778564453125
960,157.83441982,train,1,20.713045120239258
960,157.83441982,train,2,20.792089462280273
960,157.83441982,train,3,27.894561767578125
970,159.38735980299998,train,0,21.15393829345703
970,159.38735980299998,train,1,20.697097778320312
970,159.38735980299998,train,2,20.77610969543457
970,159.38735980299998,train,3,27.91030502319336
980,160.93820853999998,train,0,21.142536163330078
980,160.93820853999998,train,1,20.677837371826172
980,160.93820853999998,train,2,20.760202407836914
980,160.93820853999998,train,3,27.922788619995117
990,162.492502105,train,0,21.132366180419922
990,162.492502105,train,1,20.661922454833984
990,162.492502105,train,2,20.74299430847168
990,162.492502105,train,3,27.93796730041504
1000,164.048210552,train,0,21.122873306274414
1000,164.048210552,train,1,20.64250946044922
1000,164.048210552,train,2,20.723915100097656
1000,164.048210552,train,3,27.956951141357422
1000,164.10636439799998,valid,0,21.121421813964844
1000,164.10636439799998,valid,1,20.640514373779297
1000,164.10636439799998,valid,2,20.72182846069336
1000,164.10636439799998,valid,3,27.959686279296875
1010,165.659971657,train,0,21.11013412475586
1010,165.659971657,train,1,20.62795639038086
1010,165.659971657,train,2,20.70401382446289
1010,165.659971657,train,3,27.970264434814453
1020,167.211088908,train,0,21.098175048828125
1020,167.211088908,train,1,20.609304428100586
1020,167.211088908,train,2,20.68738555908203
1020,167.211088908,train,3,27.98959732055664
1030,168.76330432999998,train,0,21.087722778320312
1030,168.76330432999998,train,1,20.593387603759766
1030,168.76330432999998,train,2,20.668882369995117
1030,168.76330432999998,train,3,28.002235412597656
1040,170.318438123,train,0,21.0751953125
1040,170.318438123,train,1,20.57694435119629
1040,170.318438123,train,2,20.6512508392334
1040,170.318438123,train,3,28.01337432861328
1050,171.870549192,train,0,21.06340789794922
1050,171.870549192,train,1,20.560251235961914
1050,171.870549192,train,2,20.636920928955078
1050,171.870549192,train,3,28.029428482055664
1060,173.422231521,train,0,21.051464080810547
1060,173.422231521,train,1,20.540138244628906
1060,173.422231521,train,2,20.621257781982422
1060,173.422231521,train,3,28.035768508911133
1070,174.977058293,train,0,21.04051971435547
1070,174.977058293,train,1,20.523269653320312
1070,174.977058293,train,2,20.605806350708008
1070,174.977058293,train,3,28.045740127563477
1080,176.529890053,train,0,21.030309677124023
1080,176.529890053,train,1,20.507658004760742
1080,176.529890053,train,2,20.585678100585938
1080,176.529890053,train,3,28.06116485595703
1090,178.082055629,train,0,21.01934051513672
1090,178.082055629,train,1,20.493057250976562
1090,178.082055629,train,2,20.5688419342041
1090,178.082055629,train,3,28.074161529541016
1100,179.63334010199998,train,0,21.006607055664062
1100,179.63334010199998,train,1,20.474117279052734
1100,179.63334010199998,train,2,20.552160263061523
1100,179.63334010199998,train,3,28.082033157348633
1100,179.69181247199998,valid,0,21.006423950195312
1100,179.69181247199998,valid,1,20.471729278564453
1100,179.69181247199998,valid,2,20.5504093170166
1100,179.69181247199998,valid,3,28.083721160888672
1110,181.24445965499999,train,0,20.998687744140625
1110,181.24445965499999,train,1,20.457536697387695
1110,181.24445965499999,train,2,20.535593032836914
1110,181.24445965499999,train,3,28.104907989501953
1120,182.797430538,train,0,20.985580444335938
1120,182.797430538,train,1,20.441211700439453
1120,182.797430538,train,2,20.51690673828125
1120,182.797430538,train,3,28.107337951660156
1130,184.349156908,train,0,20.971263885498047
1130,184.349156908,train,1,20.42476463317871
1130,184.349156908,train,2,20.501235961914062
1130,184.349156908,train,3,28.117523193359375
1140,185.90304927399998,train,0,20.963050842285156
1140,185.90304927399998,train,1,20.41244888305664
1140,185.90304927399998,train,2,20.484317779541016
1140,185.90304927399998,train,3,28.121810913085938
1150,187.458321462,train,0,20.952621459960938
1150,187.458321462,train,1,20.396196365356445
1150,187.458321462,train,2,20.468883514404297
1150,187.458321462,train,3,28.122528076171875
1160,189.010405618,train,0,20.942630767822266
1160,189.010405618,train,1,20.38165283203125
1160,189.010405618,train,2,20.452957153320312
1160,189.010405618,train,3,28.131332397460938
1170,190.564179048,train,0,20.929943084716797
1170,190.564179048,train,1,20.36607551574707
1170,190.564179048,train,2,20.435461044311523
1170,190.564179048,train,3,28.14052963256836
1180,192.118619411,train,0,20.91826820373535
1180,192.118619411,train,1,20.35104751586914
1180,192.118619411,train,2,20.41771125793457
1180,192.118619411,train,3,28.145837783813477
1190,193.67470525299998,train,0,20.90914535522461
1190,193.67470525299998,train,1,20.334644317626953
1190,193.67470525299998,train,2,20.397932052612305
1190,193.67470525299998,train,3,28.160572052001953
1200,195.2294863,train,0,20.896404266357422
1200,195.2294863,train,1,20.31621742248535
1200,195.2294863,train,2,20.37800407409668
1200,195.2294863,train,3,28.163677215576172
1200,195.288727506,valid,0,20.894855499267578
1200,195.288727506,valid,1,20.314682006835938
1200,195.288727506,valid,2,20.377687454223633
1200,195.288727506,valid,3,28.159854888916016
1210,196.841511392,train,0,20.883052825927734
1210,196.841511392,train,1,20.299335479736328
1210,196.841511392,train,2,20.365699768066406
1210,196.841511392,train,3,28.164409637451172
1220,198.39320736099998,train,0,20.870588302612305
1220,198.39320736099998,train,1,20.282493591308594
1220,198.39320736099998,train,2,20.348115921020508
1220,198.39320736099998,train,3,28.174945831298828
1230,199.94643703199998,train,0,20.858802795410156
1230,199.94643703199998,train,1,20.266611099243164
1230,199.94643703199998,train,2,20.331178665161133
1230,199.94643703199998,train,3,28.18109893798828
1240,201.499306048,train,0,20.845598220825195
1240,201.499306048,train,1,20.252084732055664
1240,201.499306048,train,2,20.312305450439453
1240,201.499306048,train,3,28.180225372314453
1250,203.052708898,train,0,20.832624435424805
1250,203.052708898,train,1,20.235076904296875
1250,203.052708898,train,2,20.296825408935547
1250,203.052708898,train,3,28.186935424804688
1260,204.608665,train,0,20.81963348388672
1260,204.608665,train,1,20.217304229736328
1260,204.608665,train,2,20.280757904052734
1260,204.608665,train,3,28.192913055419922
1270,206.160563535,train,0,20.807167053222656
1270,206.160563535,train,1,20.200111389160156
1270,206.160563535,train,2,20.265348434448242
1270,206.160563535,train,3,28.20063018798828
1280,207.71338818299998,train,0,20.79709815979004
1280,207.71338818299998,train,1,20.183700561523438
1280,207.71338818299998,train,2,20.24710464477539
1280,207.71338818299998,train,3,28.212390899658203
1290,209.26916973099998,train,0,20.78546142578125
1290,209.26916973099998,train,1,20.168498992919922
1290,209.26916973099998,train,2,20.229290008544922
1290,209.26916973099998,train,3,28.214534759521484
1300,210.82337043299998,train,0,20.77594757080078
1300,210.82337043299998,train,1,20.155132293701172
1300,210.82337043299998,train,2,20.214435577392578
1300,210.82337043299998,train,3,28.220548629760742
1300,210.883450622,valid,0,20.77475929260254
1300,210.883450622,valid,1,20.15458869934082
1300,210.883450622,valid,2,20.212451934814453
1300,210.883450622,valid,3,28.21778106689453
1310,212.43728001,train,0,20.765653610229492
1310,212.43728001,train,1,20.14154052734375
1310,212.43728001,train,2,20.197044372558594
1310,212.43728001,train,3,28.22388458251953
1320,213.98923804199998,train,0,20.75813865661621
1320,213.98923804199998,train,1,20.12709617614746
1320,213.98923804199998,train,2,20.18291473388672
1320,213.98923804199998,train,3,28.226886749267578
1330,215.540778606,train,0,20.746936798095703
1330,215.540778606,train,1,20.11241340637207
1330,215.540778606,train,2,20.166080474853516
1330,215.540778606,train,3,28.23833465576172
1340,217.09639082599998,train,0,20.733882904052734
1340,217.09639082599998,train,1,20.096532821655273
1340,217.09639082599998,train,2,20.149280548095703
1340,217.09639082599998,train,3,28.242507934570312
1350,218.649508836,train,0,20.723093032836914
1350,218.649508836,train,1,20.081790924072266
1350,218.649508836,train,2,20.133487701416016
1350,218.649508836,train,3,28.242868423461914
1360,220.203500449,train,0,20.71152687072754
1360,220.203500449,train,1,20.066726684570312
1360,220.203500449,train,2,20.118762969970703
1360,220.203500449,train,3,28.23198127746582
1370,221.757893156,train,0,20.703109741210938
1370,221.757893156,train,1,20.049781799316406
1370,221.757893156,train,2,20.1020450592041
1370,221.757893156,train,3,28.24228286743164
1380,223.309268664,train,0,20.692293167114258
1380,223.309268664,train,1,20.033557891845703
1380,223.309268664,train,2,20.08831024169922
1380,223.309268664,train,3,28.23736000061035
1390,224.86046564,train,0,20.68073272705078
1390,224.86046564,train,1,20.018373489379883
1390,224.86046564,train,2,20.07035255432129
1390,224.86046564,train,3,28.2320556640625
1400,226.413860915,train,0,20.66693878173828
1400,226.413860915,train,1,20.004852294921875
1400,226.413860915,train,2,20.0583553314209
1400,226.413860915,train,3,28.230323791503906
1400,226.47964579499998,valid,0,20.66585350036621
1400,226.47964579499998,valid,1,20.00394058227539
1400,226.47964579499998,valid,2,20.058504104614258
1400,226.47964579499998,valid,3,28.23593521118164
1410,228.034321965,train,0,20.65032196044922
1410,228.034321965,train,1,19.988758087158203
1410,228.034321965,train,2,20.038238525390625
1410,228.034321965,train,3,28.232925415039062
1420,229.588504403,train,0,20.641143798828125
1420,229.588504403,train,1,19.974454879760742
1420,229.588504403,train,2,20.021385192871094
1420,229.588504403,train,3,28.22894287109375
1430,231.141394159,train,0,20.631214141845703
1430,231.141394159,train,1,19.9598388671875
1430,231.141394159,train,2,20.006622314453125
1430,231.141394159,train,3,28.23260498046875
1440,232.695225284,train,0,20.620222091674805
1440,232.695225284,train,1,19.94588851928711
1440,232.695225284,train,2,19.992069244384766
1440,232.695225284,train,3,28.23521614074707
1450,234.250258133,train,0,20.611419677734375
1450,234.250258133,train,1,19.92935562133789
1450,234.250258133,train,2,19.976791381835938
1450,234.250258133,train,3,28.243122100830078
1460,235.802855385,train,0,20.601070404052734
1460,235.802855385,train,1,19.914031982421875
1460,235.802855385,train,2,19.962682723999023
1460,235.802855385,train,3,28.236724853515625
1470,237.357362245,train,0,20.589492797851562
1470,237.357362245,train,1,19.901485443115234
1470,237.357362245,train,2,19.945194244384766
1470,237.357362245,train,3,28.222183227539062
1480,238.910326275,train,0,20.577213287353516
1480,238.910326275,train,1,19.885135650634766
1480,238.910326275,train,2,19.926923751831055
1480,238.910326275,train,3,28.230350494384766
1490,240.463519806,train,0,20.5650634765625
1490,240.463519806,train,1,19.870563507080078
1490,240.463519806,train,2,19.91219711303711
1490,240.463519806,train,3,28.22055435180664
1500,242.01670567099998,train,0,20.55164909362793
1500,242.01670567099998,train,1,19.85650062561035
1500,242.01670567099998,train,2,19.898040771484375
1500,242.01670567099998,train,3,28.218379974365234
1500,242.07369580999998,valid,0,20.55022430419922
1500,242.07369580999998,valid,1,19.85552978515625
1500,242.07369580999998,valid,2,19.896163940429688
1500,242.07369580999998,valid,3,28.22408103942871
1510,243.62622576799998,train,0,20.54145050048828
1510,243.62622576799998,train,1,19.840805053710938
1510,243.62622576799998,train,2,19.88031578063965
1510,243.62622576799998,train,3,28.22789764404297
1520,245.18223038899998,train,0,20.52826690673828
1520,245.18223038899998,train,1,19.828372955322266
1520,245.18223038899998,train,2,19.865169525146484
1520,245.18223038899998,train,3,28.225696563720703
1530,246.73591987999998,train,0,20.51495933532715
1530,246.73591987999998,train,1,19.81304168701172
1530,246.73591987999998,train,2,19.847410202026367
1530,246.73591987999998,train,3,28.22251319885254
1540,248.29014029299998,train,0,20.500152587890625
1540,248.29014029299998,train,1,19.79636573791504
1540,248.29014029299998,train,2,19.83034324645996
1540,248.29014029299998,train,3,28.222835540771484
1550,249.84394131399998,train,0,20.491424560546875
1550,249.84394131399998,train,1,19.783103942871094
1550,249.84394131399998,train,2,19.818086624145508
1550,249.84394131399998,train,3,28.219799041748047
1560,251.39906332999996,train,0,20.479732513427734
1560,251.39906332999996,train,1,19.771461486816406
1560,251.39906332999996,train,2,19.800601959228516
1560,251.39906332999996,train,3,28.21829605102539
1570,252.952287606,train,0,20.46657943725586
1570,252.952287606,train,1,19.75846290588379
1570,252.952287606,train,2,19.783607482910156
1570,252.952287606,train,3,28.224414825439453
1580,254.503311098,train,0,20.45596694946289
1580,254.503311098,train,1,19.742786407470703
1580,254.503311098,train,2,19.77031707763672
1580,254.503311098,train,3,28.217212677001953
1590,256.056988451,train,0,20.442245483398438
1590,256.056988451,train,1,19.728715896606445
1590,256.056988451,train,2,19.753990173339844
1590,256.056988451,train,3,28.222946166992188
1600,257.60901366800005,train,0,20.431516647338867
1600,257.60901366800005,train,1,19.712724685668945
1600,257.60901366800005,train,2,19.741012573242188
1600,257.60901366800005,train,3,28.210477828979492
1600,257.668445833,valid,0,20.429548263549805
1600,257.668445833,valid,1,19.711545944213867
1600,257.668445833,valid,2,19.740747451782227
1600,257.668445833,valid,3,28.210304260253906
1610,259.22117584,train,0,20.421682357788086
1610,259.22117584,train,1,19.701562881469727
1610,259.22117584,train,2,19.72330093383789
1610,259.22117584,train,3,28.215896606445312
1620,260.77642156400003,train,0,20.41253089904785
1620,260.77642156400003,train,1,19.686290740966797
1620,260.77642156400003,train,2,19.70779800415039
1620,260.77642156400003,train,3,28.224756240844727
1630,262.33257291200005,train,0,20.39798355102539
1630,262.33257291200005,train,1,19.67501449584961
1630,262.33257291200005,train,2,19.699188232421875
1630,262.33257291200005,train,3,28.209796905517578
1640,263.885669224,train,0,20.383909225463867
1640,263.885669224,train,1,19.66193389892578
1640,263.885669224,train,2,19.684011459350586
1640,263.885669224,train,3,28.219188690185547
1650,265.43680408800003,train,0,20.37164878845215
1650,265.43680408800003,train,1,19.64924430847168
1650,265.43680408800003,train,2,19.667226791381836
1650,265.43680408800003,train,3,28.223161697387695
1660,266.99240105,train,0,20.361690521240234
1660,266.99240105,train,1,19.633495330810547
1660,266.99240105,train,2,19.65052032470703
1660,266.99240105,train,3,28.20009422302246
1670,268.545142005,train,0,20.350597381591797
1670,268.545142005,train,1,19.620155334472656
1670,268.545142005,train,2,19.639070510864258
1670,268.545142005,train,3,28.197555541992188
1680,270.097124532,train,0,20.339710235595703
1680,270.097124532,train,1,19.607439041137695
1680,270.097124532,train,2,19.623275756835938
1680,270.097124532,train,3,28.197715759277344
1690,271.64991214400004,train,0,20.326805114746094
1690,271.64991214400004,train,1,19.59090805053711
1690,271.64991214400004,train,2,19.610675811767578
1690,271.64991214400004,train,3,28.18512725830078
1700,273.204746412,train,0,20.31644058227539
1700,273.204746412,train,1,19.57976531982422
1700,273.204746412,train,2,19.59294891357422
1700,273.204746412,train,3,28.19110870361328
1700,273.268605524,valid,0,20.31470489501953
1700,273.268605524,valid,1,19.577552795410156
1700,273.268605524,valid,2,19.592071533203125
1700,273.268605524,valid,3,28.194406509399414
1710,274.822436402,train,0,20.303125381469727
1710,274.822436402,train,1,19.56856918334961
1710,274.822436402,train,2,19.579593658447266
1710,274.822436402,train,3,28.186996459960938
1720,276.373998238,train,0,20.29049301147461
1720,276.373998238,train,1,19.55258560180664
1720,276.373998238,train,2,19.560312271118164
1720,276.373998238,train,3,28.17328643798828
1730,277.92591241400004,train,0,20.283287048339844
1730,277.92591241400004,train,1,19.542184829711914
1730,277.92591241400004,train,2,19.547073364257812
1730,277.92591241400004,train,3,28.1772403717041
1740,279.479476904,train,0,20.27066993713379
1740,279.479476904,train,1,19.52910041809082
1740,279.479476904,train,2,19.529809951782227
1740,279.479476904,train,3,28.167343139648438
1750,281.03415420100004,train,0,20.261638641357422
1750,281.03415420100004,train,1,19.515851974487305
1750,281.03415420100004,train,2,19.515766143798828
1750,281.03415420100004,train,3,28.188858032226562
1760,282.58706135700004,train,0,20.250057220458984
1760,282.58706135700004,train,1,19.498401641845703
1760,282.58706135700004,train,2,19.506935119628906
1760,282.58706135700004,train,3,28.167224884033203
1770,284.140969628,train,0,20.23543357849121
1770,284.140969628,train,1,19.483989715576172
1770,284.140969628,train,2,19.490875244140625
1770,284.140969628,train,3,28.167396545410156
1780,285.692481477,train,0,20.223556518554688
1780,285.692481477,train,1,19.469585418701172
1780,285.692481477,train,2,19.475120544433594
1780,285.692481477,train,3,28.15632438659668
1790,287.244952182,train,0,20.20931625366211
1790,287.244952182,train,1,19.45650863647461
1790,287.244952182,train,2,19.458646774291992
1790,287.244952182,train,3,28.158241271972656
1800,288.79751787500004,train,0,20.19904136657715
1800,288.79751787500004,train,1,19.446285247802734
1800,288.79751787500004,train,2,19.441125869750977
1800,288.79751787500004,train,3,28.153635025024414
1800,288.856386014,valid,0,20.197574615478516
1800,288.856386014,valid,1,19.44570541381836
1800,288.856386014,valid,2,19.437454223632812
1800,288.856386014,valid,3,28.148578643798828
1810,290.41067453100004,train,0,20.184127807617188
1810,290.41067453100004,train,1,19.433801651000977
1810,290.41067453100004,train,2,19.427108764648438
1810,290.41067453100004,train,3,28.153217315673828
1820,291.96529889100003,train,0,20.17383575439453
1820,291.96529889100003,train,1,19.419055938720703
1820,291.96529889100003,train,2,19.412059783935547
1820,291.96529889100003,train,3,28.140594482421875
1830,293.517318572,train,0,20.16504669189453
1830,293.517318572,train,1,19.4088191986084
1830,293.517318572,train,2,19.398202896118164
1830,293.517318572,train,3,28.13330078125
1840,295.06865245,train,0,20.155109405517578
1840,295.06865245,train,1,19.39443588256836
1840,295.06865245,train,2,19.388883590698242
1840,295.06865245,train,3,28.142009735107422
1850,296.622199259,train,0,20.144290924072266
1850,296.622199259,train,1,19.38046646118164
1850,296.622199259,train,2,19.372892379760742
1850,296.622199259,train,3,28.132747650146484
1860,298.17728501600004,train,0,20.132959365844727
1860,298.17728501600004,train,1,19.36696434020996
1860,298.17728501600004,train,2,19.356403350830078
1860,298.17728501600004,train,3,28.12737464904785
1870,299.730511535,train,0,20.12484359741211
1870,299.730511535,train,1,19.35118865966797
1870,299.730511535,train,2,19.343124389648438
1870,299.730511535,train,3,28.12673568725586
1880,301.28564467900003,train,0,20.11046600341797
1880,301.28564467900003,train,1,19.339967727661133
1880,301.28564467900003,train,2,19.326364517211914
1880,301.28564467900003,train,3,28.124908447265625
1890,302.836963383,train,0,20.099952697753906
1890,302.836963383,train,1,19.33025360107422
1890,302.836963383,train,2,19.31044578552246
1890,302.836963383,train,3,28.115047454833984
1900,304.389122831,train,0,20.088275909423828
1900,304.389122831,train,1,19.31151580810547
1900,304.389122831,train,2,19.297697067260742
1900,304.389122831,train,3,28.116504669189453
1900,304.446045098,valid,0,20.08588218688965
1900,304.446045098,valid,1,19.309904098510742
1900,304.446045098,valid,2,19.297565460205078
1900,304.446045098,valid,3,28.1159725189209
1910,305.998722134,train,0,20.077457427978516
1910,305.998722134,train,1,19.30695343017578
1910,305.998722134,train,2,19.286413192749023
1910,305.998722134,train,3,28.11608123779297
1920,307.55334586500004,train,0,20.0638484954834
1920,307.55334586500004,train,1,19.28803253173828
1920,307.55334586500004,train,2,19.27267074584961
1920,307.55334586500004,train,3,28.12019920349121
1930,309.108712764,train,0,20.057029724121094
1930,309.108712764,train,1,19.27867889404297
1930,309.108712764,train,2,19.260833740234375
1930,309.108712764,train,3,28.118927001953125
1940,310.66133316400004,train,0,20.04941177368164
1940,310.66133316400004,train,1,19.26738739013672
1940,310.66133316400004,train,2,19.24500846862793
1940,310.66133316400004,train,3,28.10447120666504
1950,312.21369133300004,train,0,20.039321899414062
1950,312.21369133300004,train,1,19.25790786743164
1950,312.21369133300004,train,2,19.23236656188965
1950,312.21369133300004,train,3,28.10000228881836
1960,313.767935473,train,0,20.027029037475586
1960,313.767935473,train,1,19.240962982177734
1960,313.767935473,train,2,19.21514892578125
1960,313.767935473,train,3,28.090087890625
1970,315.32330964100004,train,0,20.01615333557129
1970,315.32330964100004,train,1,19.231548309326172
1970,315.32330964100004,train,2,19.203744888305664
1970,315.32330964100004,train,3,28.09771728515625
1980,316.87693523400003,train,0,20.00405502319336
1980,316.87693523400003,train,1,19.222251892089844
1980,316.87693523400003,train,2,19.191974639892578
1980,316.87693523400003,train,3,28.097389221191406
1990,318.42926345200004,train,0,19.992305755615234
1990,318.42926345200004,train,1,19.203054428100586
1990,318.42926345200004,train,2,19.17650604248047
1990,318.42926345200004,train,3,28.088279724121094
2000,319.98444821100003,train,0,19.98105239868164
2000,319.98444821100003,train,1,19.192371368408203
2000,319.98444821100003,train,2,19.16344451904297
2000,319.98444821100003,train,3,28.072338104248047
2000,320.04615697500003,valid,0,19.979127883911133
2000,320.04615697500003,valid,1,19.190786361694336
2000,320.04615697500003,valid,2,19.16274642944336
2000,320.04615697500003,valid,3,28.08172607421875
2010,321.598538609,train,0,19.970020294189453
2010,321.598538609,train,1,19.18021011352539
2010,321.598538609,train,2,19.147876739501953
2010,321.598538609,train,3,28.081579208374023
2020,323.150665511,train,0,19.959896087646484
2020,323.150665511,train,1,19.168495178222656
2020,323.150665511,train,2,19.133569717407227
2020,323.150665511,train,3,28.07386016845703
2030,324.702364331,train,0,19.94541358947754
2030,324.702364331,train,1,19.15427017211914
2030,324.702364331,train,2,19.118738174438477
2030,324.702364331,train,3,28.077516555786133
2040,326.255985167,train,0,19.93514060974121
2040,326.255985167,train,1,19.144954681396484
2040,326.255985167,train,2,19.104631423950195
2040,326.255985167,train,3,28.062803268432617
2050,327.811420941,train,0,19.922386169433594
2050,327.811420941,train,1,19.132734298706055
2050,327.811420941,train,2,19.08643341064453
2050,327.811420941,train,3,28.056812286376953
2060,329.36469701600004,train,0,19.910629272460938
2060,329.36469701600004,train,1,19.11587905883789
2060,329.36469701600004,train,2,19.07300567626953
2060,329.36469701600004,train,3,28.047597885131836
2070,330.916515166,train,0,19.901521682739258
2070,330.916515166,train,1,19.103771209716797
2070,330.916515166,train,2,19.06878662109375
2070,330.916515166,train,3,28.03959846496582
2080,332.469956388,train,0,19.890132904052734
2080,332.469956388,train,1,19.09486961364746
2080,332.469956388,train,2,19.047298431396484
2080,332.469956388,train,3,28.038803100585938
2090,334.022067659,train,0,19.876569747924805
2090,334.022067659,train,1,19.079975128173828
2090,334.022067659,train,2,19.034976959228516
2090,334.022067659,train,3,28.036396026611328
2100,335.574552443,train,0,19.863922119140625
2100,335.574552443,train,1,19.070621490478516
2100,335.574552443,train,2,19.023635864257812
2100,335.574552443,train,3,28.003520965576172
2100,335.632545239,valid,0,19.860685348510742
2100,335.632545239,valid,1,19.06592559814453
2100,335.632545239,valid,2,19.019346237182617
2100,335.632545239,valid,3,28.015159606933594
2110,337.184740595,train,0,19.851757049560547
2110,337.184740595,train,1,19.054039001464844
2110,337.184740595,train,2,19.008594512939453
2110,337.184740595,train,3,28.01800537109375
2120,338.73841285400005,train,0,19.840747833251953
2120,338.73841285400005,train,1,19.04291534423828
2120,338.73841285400005,train,2,18.993694305419922
2120,338.73841285400005,train,3,28.017749786376953
2130,340.292269396,train,0,19.8333683013916
2130,340.292269396,train,1,19.034019470214844
2130,340.292269396,train,2,18.986221313476562
2130,340.292269396,train,3,27.996232986450195
2140,341.845468384,train,0,19.821491241455078
2140,341.845468384,train,1,19.016048431396484
2140,341.845468384,train,2,18.96932029724121
2140,341.845468384,train,3,28.0036563873291
2150,343.398652087,train,0,19.808429718017578
2150,343.398652087,train,1,19.004947662353516
2150,343.398652087,train,2,18.958030700683594
2150,343.398652087,train,3,28.000303268432617
2160,344.953382555,train,0,19.795963287353516
2160,344.953382555,train,1,18.992727279663086
2160,344.953382555,train,2,18.937864303588867
2160,344.953382555,train,3,27.991153717041016
2170,346.50541677800004,train,0,19.785202026367188
2170,346.50541677800004,train,1,18.984355926513672
2170,346.50541677800004,train,2,18.92135238647461
2170,346.50541677800004,train,3,27.962627410888672
2180,348.05836873500004,train,0,19.771839141845703
2180,348.05836873500004,train,1,18.96953582763672
2180,348.05836873500004,train,2,18.909923553466797
2180,348.05836873500004,train,3,27.995203018188477
2190,349.613220217,train,0,19.761493682861328
2190,349.613220217,train,1,18.96200180053711
2190,349.613220217,train,2,18.896596908569336
2190,349.613220217,train,3,27.956317901611328
2200,351.167376115,train,0,19.7524471282959
2200,351.167376115,train,1,18.94892120361328
2200,351.167376115,train,2,18.884109497070312
2200,351.167376115,train,3,27.93478012084961
2200,351.228097854,valid,0,19.75051498413086
2200,351.228097854,valid,1,18.948055267333984
2200,351.228097854,valid,2,18.883779525756836
2200,351.228097854,valid,3,27.950206756591797
2210,352.780346768,train,0,19.744312286376953
2210,352.780346768,train,1,18.93802833557129
2210,352.780346768,train,2,18.87051010131836
2210,352.780346768,train,3,27.950027465820312
2220,354.331261471,train,0,19.732858657836914
2220,354.331261471,train,1,18.931310653686523
2220,354.331261471,train,2,18.86223602294922
2220,354.331261471,train,3,27.949316024780273
2230,355.88639932300003,train,0,19.722827911376953
2230,355.88639932300003,train,1,18.914859771728516
2230,355.88639932300003,train,2,18.85155487060547
2230,355.88639932300003,train,3,27.945030212402344
2240,357.43941972000005,train,0,19.70909881591797
2240,357.43941972000005,train,1,18.89999008178711
2240,357.43941972000005,train,2,18.82953643798828
2240,357.43941972000005,train,3,27.89629364013672
2250,358.99134430600003,train,0,19.695890426635742
2250,358.99134430600003,train,1,18.890708923339844
2250,358.99134430600003,train,2,18.817354202270508
2250,358.99134430600003,train,3,27.940956115722656
2260,360.54252613100005,train,0,19.689151763916016
2260,360.54252613100005,train,1,18.881946563720703
2260,360.54252613100005,train,2,18.809555053710938
2260,360.54252613100005,train,3,27.892074584960938
2270,362.09428592700004,train,0,19.679489135742188
2270,362.09428592700004,train,1,18.875553131103516
2270,362.09428592700004,train,2,18.79116439819336
2270,362.09428592700004,train,3,27.92547607421875
2280,363.64707606300004,train,0,19.66476058959961
2280,363.64707606300004,train,1,18.859041213989258
2280,363.64707606300004,train,2,18.7796688079834
2280,363.64707606300004,train,3,27.901844024658203
2290,365.200679439,train,0,19.654342651367188
2290,365.200679439,train,1,18.848201751708984
2290,365.200679439,train,2,18.76651382446289
2290,365.200679439,train,3,27.887195587158203
2300,366.752424317,train,0,19.644493103027344
2300,366.752424317,train,1,18.84109115600586
2300,366.752424317,train,2,18.7524356842041
2300,366.752424317,train,3,27.895416259765625
2300,366.811316482,valid,0,19.64299774169922
2300,366.811316482,valid,1,18.83759307861328
2300,366.811316482,valid,2,18.748329162597656
2300,366.811316482,valid,3,27.89764404296875
2310,368.36434158400004,train,0,19.62984848022461
2310,368.36434158400004,train,1,18.826438903808594
2310,368.36434158400004,train,2,18.739654541015625
2310,368.36434158400004,train,3,27.88410186767578
2320,369.91873692900003,train,0,19.62002182006836
2320,369.91873692900003,train,1,18.811931610107422
2320,369.91873692900003,train,2,18.72796058654785
2320,369.91873692900003,train,3,27.923355102539062
2330,371.47018367100003,train,0,19.61321449279785
2330,371.47018367100003,train,1,18.80585289001465
2330,371.47018367100003,train,2,18.71794319152832
2330,371.47018367100003,train,3,27.87710952758789
2340,373.021920129,train,0,19.60238265991211
2340,373.021920129,train,1,18.790321350097656
2340,373.021920129,train,2,18.704998016357422
2340,373.021920129,train,3,27.89482307434082
2350,374.57218200100004,train,0,19.588768005371094
2350,374.57218200100004,train,1,18.77841567993164
2350,374.57218200100004,train,2,18.685001373291016
2350,374.57218200100004,train,3,27.892871856689453
2360,376.124007155,train,0,19.580883026123047
2360,376.124007155,train,1,18.765731811523438
2360,376.124007155,train,2,18.678627014160156
2360,376.124007155,train,3,27.89189910888672
2370,377.677262299,train,0,19.569242477416992
2370,377.677262299,train,1,18.754222869873047
2370,377.677262299,train,2,18.66731071472168
2370,377.677262299,train,3,27.857725143432617
2380,379.229780113,train,0,19.5574893951416
2380,379.229780113,train,1,18.743595123291016
2380,379.229780113,train,2,18.65545654296875
2380,379.229780113,train,3,27.855857849121094
2390,380.782603449,train,0,19.548948287963867
2390,380.782603449,train,1,18.738739013671875
2390,380.782603449,train,2,18.64496612548828
2390,380.782603449,train,3,27.841812133789062
2400,382.33743133,train,0,19.53717803955078
2400,382.33743133,train,1,18.724842071533203
2400,382.33743133,train,2,18.628162384033203
2400,382.33743133,train,3,27.86195182800293
2400,382.39698697700004,valid,0,19.53482437133789
2400,382.39698697700004,valid,1,18.722366333007812
2400,382.39698697700004,valid,2,18.624332427978516
2400,382.39698697700004,valid,3,27.867061614990234
2410,383.948690984,train,0,19.527040481567383
2410,383.948690984,train,1,18.71234893798828
2410,383.948690984,train,2,18.60997200012207
2410,383.948690984,train,3,27.835296630859375
2420,385.50336215100003,train,0,19.519947052001953
2420,385.50336215100003,train,1,18.70244026184082
2420,385.50336215100003,train,2,18.61008644104004
2420,385.50336215100003,train,3,27.871400833129883
2430,387.05675102600003,train,0,19.506851196289062
2430,387.05675102600003,train,1,18.692707061767578
2430,387.05675102600003,train,2,18.599498748779297
2430,387.05675102600003,train,3,27.84355354309082
2440,388.608775751,train,0,19.496803283691406
2440,388.608775751,train,1,18.68535614013672
2440,388.608775751,train,2,18.58273696899414
2440,388.608775751,train,3,27.81369400024414
2450,390.15905398900003,train,0,19.485759735107422
2450,390.15905398900003,train,1,18.67562484741211
2450,390.15905398900003,train,2,18.564064025878906
2450,390.15905398900003,train,3,27.800640106201172
2460,391.71065715000003,train,0,19.47073745727539
2460,391.71065715000003,train,1,18.665040969848633
2460,391.71065715000003,train,2,18.556026458740234
2460,391.71065715000003,train,3,27.824020385742188
2470,393.261490106,train,0,19.458507537841797
2470,393.261490106,train,1,18.650249481201172
2470,393.261490106,train,2,18.544132232666016
2470,393.261490106,train,3,27.779685974121094
2480,394.810944305,train,0,19.44610023498535
2480,394.810944305,train,1,18.63790512084961
2480,394.810944305,train,2,18.533409118652344
2480,394.810944305,train,3,27.80168914794922
2490,396.361890424,train,0,19.435945510864258
2490,396.361890424,train,1,18.63263702392578
2490,396.361890424,train,2,18.519855499267578
2490,396.361890424,train,3,27.76110076904297
2500,397.915299425,train,0,19.422874450683594
2500,397.915299425,train,1,18.61806869506836
2500,397.915299425,train,2,18.50752830505371
2500,397.915299425,train,3,27.791683197021484
2500,397.973919231,valid,0,19.42205810546875
2500,397.973919231,valid,1,18.615449905395508
2500,397.973919231,valid,2,18.50937843322754
2500,397.973919231,valid,3,27.7850341796875
2510,399.526420436,train,0,19.41507339477539
2510,399.526420436,train,1,18.607736587524414
2510,399.526420436,train,2,18.492416381835938
2510,399.526420436,train,3,27.77956199645996
2520,401.07949815200004,train,0,19.40426254272461
2520,401.07949815200004,train,1,18.595653533935547
2520,401.07949815200004,train,2,18.480419158935547
2520,401.07949815200004,train,3,27.77353286743164
2530,402.63033985000004,train,0,19.389663696289062
2530,402.63033985000004,train,1,18.586252212524414
2530,402.63033985000004,train,2,18.470338821411133
2530,402.63033985000004,train,3,27.793148040771484
2540,404.184507794,train,0,19.38092041015625
2540,404.184507794,train,1,18.572755813598633
2540,404.184507794,train,2,18.456384658813477
2540,404.184507794,train,3,27.77535057067871
2550,405.73591293100003,train,0,19.370723724365234
2550,405.73591293100003,train,1,18.56053924560547
2550,405.73591293100003,train,2,18.442577362060547
2550,405.73591293100003,train,3,27.73821258544922
2560,407.28614728,train,0,19.36306381225586
2560,407.28614728,train,1,18.551847457885742
2560,407.28614728,train,2,18.428281784057617
2560,407.28614728,train,3,27.690675735473633
2570,408.837824967,train,0,19.35191535949707
2570,408.837824967,train,1,18.540895462036133
2570,408.837824967,train,2,18.414371490478516
2570,408.837824967,train,3,27.790071487426758
2580,410.390166512,train,0,19.343469619750977
2580,410.390166512,train,1,18.52781105041504
2580,410.390166512,train,2,18.40668487548828
2580,410.390166512,train,3,27.744348526000977
2590,411.942168276,train,0,19.3313045501709
2590,411.942168276,train,1,18.5159969329834
2590,411.942168276,train,2,18.398479461669922
2590,411.942168276,train,3,27.73863983154297
2600,413.493685679,train,0,19.322368621826172
2600,413.493685679,train,1,18.50843620300293
2600,413.493685679,train,2,18.387805938720703
2600,413.493685679,train,3,27.74523162841797
2600,413.553818965,valid,0,19.322101593017578
2600,413.553818965,valid,1,18.506446838378906
2600,413.553818965,valid,2,18.392765045166016
2600,413.553818965,valid,3,27.746644973754883
2610,415.108356715,train,0,19.309314727783203
2610,415.108356715,train,1,18.49959945678711
2610,415.108356715,train,2,18.378843307495117
2610,415.108356715,train,3,27.752044677734375
2620,416.66087073700004,train,0,19.29771614074707
2620,416.66087073700004,train,1,18.491924285888672
2620,416.66087073700004,train,2,18.366294860839844
2620,416.66087073700004,train,3,27.720266342163086
2630,418.213891406,train,0,19.29212188720703
2630,418.213891406,train,1,18.48122787475586
2630,418.213891406,train,2,18.360017776489258
2630,418.213891406,train,3,27.743083953857422
2640,419.767194309,train,0,19.278377532958984
2640,419.767194309,train,1,18.469667434692383
2640,419.767194309,train,2,18.347591400146484
2640,419.767194309,train,3,27.69180679321289
2650,421.31927679800003,train,0,19.267040252685547
2650,421.31927679800003,train,1,18.464317321777344
2650,421.31927679800003,train,2,18.334327697753906
2650,421.31927679800003,train,3,27.704788208007812
2660,422.873075164,train,0,19.254837036132812
2660,422.873075164,train,1,18.44786262512207
2660,422.873075164,train,2,18.32315444946289
2660,422.873075164,train,3,27.70323944091797
2670,424.42546326300004,train,0,19.24489402770996
2670,424.42546326300004,train,1,18.438556671142578
2670,424.42546326300004,train,2,18.314170837402344
2670,424.42546326300004,train,3,27.70382308959961
2680,425.977036514,train,0,19.235729217529297
2680,425.977036514,train,1,18.42999839782715
2680,425.977036514,train,2,18.29424285888672
2680,425.977036514,train,3,27.704635620117188
2690,427.52929578500004,train,0,19.227733612060547
2690,427.52929578500004,train,1,18.42245864868164
2690,427.52929578500004,train,2,18.280120849609375
2690,427.52929578500004,train,3,27.653491973876953
2700,429.08119181300003,train,0,19.221784591674805
2700,429.08119181300003,train,1,18.413097381591797
2700,429.08119181300003,train,2,18.269723892211914
2700,429.08119181300003,train,3,27.621919631958008
2700,429.140522073,valid,0,19.22146224975586
2700,429.140522073,valid,1,18.413230895996094
2700,429.140522073,valid,2,18.27069854736328
2700,429.140522073,valid,3,27.65442657470703
2710,430.693792783,train,0,19.20806884765625
2710,430.693792783,train,1,18.402362823486328
2710,430.693792783,train,2,18.262462615966797
2710,430.693792783,train,3,27.679244995117188
2720,432.246773812,train,0,19.196300506591797
2720,432.246773812,train,1,18.389995574951172
2720,432.246773812,train,2,18.25542640686035
2720,432.246773812,train,3,27.652807235717773
2730,433.797768059,train,0,19.188003540039062
2730,433.797768059,train,1,18.379077911376953
2730,433.797768059,train,2,18.24826431274414
2730,433.797768059,train,3,27.61805534362793
2740,435.348560571,train,0,19.17824935913086
2740,435.348560571,train,1,18.366125106811523
2740,435.348560571,train,2,18.237451553344727
2740,435.348560571,train,3,27.64293098449707
2750,436.901737003,train,0,19.16158676147461
2750,436.901737003,train,1,18.355764389038086
2750,436.901737003,train,2,18.216459274291992
2750,436.901737003,train,3,27.625934600830078
2760,438.453318244,train,0,19.156967163085938
2760,438.453318244,train,1,18.353221893310547
2760,438.453318244,train,2,18.211339950561523
2760,438.453318244,train,3,27.6119384765625
2770,440.004599095,train,0,19.14723014831543
2770,440.004599095,train,1,18.341880798339844
2770,440.004599095,train,2,18.196102142333984
2770,440.004599095,train,3,27.623327255249023
2780,441.55638876,train,0,19.131702423095703
2780,441.55638876,train,1,18.328603744506836
2780,441.55638876,train,2,18.182573318481445
2780,441.55638876,train,3,27.633880615234375
2790,443.10804061600004,train,0,19.123626708984375
2790,443.10804061600004,train,1,18.316614151000977
2790,443.10804061600004,train,2,18.176908493041992
2790,443.10804061600004,train,3,27.627758026123047
2800,444.662390408,train,0,19.113134384155273
2800,444.662390408,train,1,18.306520462036133
2800,444.662390408,train,2,18.160236358642578
2800,444.662390408,train,3,27.59857940673828
2800,444.720458614,valid,0,19.11190414428711
2800,444.720458614,valid,1,18.305912017822266
2800,444.720458614,valid,2,18.1607666015625
2800,444.720458614,valid,3,27.607250213623047
2810,446.273218326,train,0,19.103500366210938
2810,446.273218326,train,1,18.29736328125
2810,446.273218326,train,2,18.146533966064453
2810,446.273218326,train,3,27.614864349365234
2820,447.82455184400004,train,0,19.09025764465332
2820,447.82455184400004,train,1,18.289955139160156
2820,447.82455184400004,train,2,18.143896102905273
2820,447.82455184400004,train,3,27.596359252929688
2830,449.377823351,train,0,19.081958770751953
2830,449.377823351,train,1,18.281030654907227
2830,449.377823351,train,2,18.12903594970703
2830,449.377823351,train,3,27.569759368896484
2840,450.928443596,train,0,19.067991256713867
2840,450.928443596,train,1,18.27349090576172
2840,450.928443596,train,2,18.11614227294922
2840,450.928443596,train,3,27.584117889404297
2850,452.480734803,train,0,19.055442810058594
2850,452.480734803,train,1,18.262531280517578
2850,452.480734803,train,2,18.109939575195312
2850,452.480734803,train,3,27.589420318603516
2860,454.031441024,train,0,19.041767120361328
2860,454.031441024,train,1,18.257047653198242
2860,454.031441024,train,2,18.09874725341797
2860,454.031441024,train,3,27.593002319335938
2870,455.585912474,train,0,19.028671264648438
2870,455.585912474,train,1,18.246826171875
2870,455.585912474,train,2,18.08895492553711
2870,455.585912474,train,3,27.590320587158203
2880,457.13835896200004,train,0,19.026357650756836
2880,457.13835896200004,train,1,18.240070343017578
2880,457.13835896200004,train,2,18.07993507385254
2880,457.13835896200004,train,3,27.527206420898438
2890,458.688777378,train,0,19.010801315307617
2890,458.688777378,train,1,18.222341537475586
2890,458.688777378,train,2,18.068761825561523
2890,458.688777378,train,3,27.57082748413086
2900,460.23979932000003,train,0,19.00342559814453
2900,460.23979932000003,train,1,18.21596908569336
2900,460.23979932000003,train,2,18.065654754638672
2900,460.23979932000003,train,3,27.592727661132812
2900,460.29779701800004,valid,0,19.00110626220703
2900,460.29779701800004,valid,1,18.213424682617188
2900,460.29779701800004,valid,2,18.059398651123047
2900,460.29779701800004,valid,3,27.535797119140625
2910,461.85075120100004,train,0,18.99112319946289
2910,461.85075120100004,train,1,18.20469856262207
2910,461.85075120100004,train,2,18.046764373779297
2910,461.85075120100004,train,3,27.504413604736328
2920,463.404407406,train,0,18.9822998046875
2920,463.404407406,train,1,18.198087692260742
2920,463.404407406,train,2,18.041996002197266
2920,463.404407406,train,3,27.524349212646484
2930,464.955250664,train,0,18.97093391418457
2930,464.955250664,train,1,18.18594741821289
2930,464.955250664,train,2,18.026193618774414
2930,464.955250664,train,3,27.507272720336914
2940,466.506335584,train,0,18.963014602661133
2940,466.506335584,train,1,18.176986694335938
2940,466.506335584,train,2,18.012664794921875
2940,466.506335584,train,3,27.579273223876953
2950,468.058104679,train,0,18.95265007019043
2950,468.058104679,train,1,18.166898727416992
2950,468.058104679,train,2,18.00594139099121
2950,468.058104679,train,3,27.544082641601562
2960,469.610961566,train,0,18.942855834960938
2960,469.610961566,train,1,18.150304794311523
2960,469.610961566,train,2,17.991405487060547
2960,469.610961566,train,3,27.549240112304688
2970,471.163196593,train,0,18.92920684814453
2970,471.163196593,train,1,18.14913558959961
2970,471.163196593,train,2,17.984601974487305
2970,471.163196593,train,3,27.481189727783203
2980,472.71737038000003,train,0,18.923871994018555
2980,472.71737038000003,train,1,18.141956329345703
2980,472.71737038000003,train,2,17.970989227294922
2980,472.71737038000003,train,3,27.498504638671875
2990,474.271038576,train,0,18.90963363647461
2990,474.271038576,train,1,18.135944366455078
2990,474.271038576,train,2,17.969173431396484
2990,474.271038576,train,3,27.485942840576172
3000,475.82431056900003,train,0,18.899368286132812
3000,475.82431056900003,train,1,18.126176834106445
3000,475.82431056900003,train,2,17.957061767578125
3000,475.82431056900003,train,3,27.41960906982422
3000,475.882275185,valid,0,18.89797592163086
3000,475.882275185,valid,1,18.122966766357422
3000,475.882275185,valid,2,17.956090927124023
3000,475.882275185,valid,3,27.442581176757812
3010,477.434498887,train,0,18.889354705810547
3010,477.434498887,train,1,18.113248825073242
3010,477.434498887,train,2,17.93930435180664
3010,477.434498887,train,3,27.45474624633789
3020,478.987819218,train,0,18.87812042236328
3020,478.987819218,train,1,18.10344696044922
3020,478.987819218,train,2,17.929595947265625
3020,478.987819218,train,3,27.489978790283203
3030,480.539270376,train,0,18.86697769165039
3030,480.539270376,train,1,18.10137176513672
3030,480.539270376,train,2,17.916532516479492
3030,480.539270376,train,3,27.43389892578125
3040,482.091719995,train,0,18.855180740356445
3040,482.091719995,train,1,18.086421966552734
3040,482.091719995,train,2,17.91038703918457
3040,482.091719995,train,3,27.424943923950195
3050,483.64425359800003,train,0,18.849201202392578
3050,483.64425359800003,train,1,18.075458526611328
3050,483.64425359800003,train,2,17.899486541748047
3050,483.64425359800003,train,3,27.458702087402344
3060,485.19657370000004,train,0,18.840320587158203
3060,485.19657370000004,train,1,18.0712890625
3060,485.19657370000004,train,2,17.887348175048828
3060,485.19657370000004,train,3,27.399112701416016
3070,486.74855276100004,train,0,18.829456329345703
3070,486.74855276100004,train,1,18.05852508544922
3070,486.74855276100004,train,2,17.872291564941406
3070,486.74855276100004,train,3,27.45315170288086
3080,488.30360967900003,train,0,18.819618225097656
3080,488.30360967900003,train,1,18.049297332763672
3080,488.30360967900003,train,2,17.874950408935547
3080,488.30360967900003,train,3,27.458707809448242
3090,489.856807998,train,0,18.81032371520996
3090,489.856807998,train,1,18.04477882385254
3090,489.856807998,train,2,17.869659423828125
3090,489.856807998,train,3,27.46834945678711
3100,491.40932144000004,train,0,18.79914093017578
3100,491.40932144000004,train,1,18.033334732055664
3100,491.40932144000004,train,2,17.85812759399414
3100,491.40932144000004,train,3,27.490209579467773
3100,491.4672228,valid,0,18.798267364501953
3100,491.4672228,valid,1,18.035614013671875
3100,491.4672228,valid,2,17.862205505371094
3100,491.4672228,valid,3,27.51552963256836
3110,493.01852604100003,train,0,18.7922306060791
3110,493.01852604100003,train,1,18.030479431152344
3110,493.01852604100003,train,2,17.845672607421875
3110,493.01852604100003,train,3,27.40362548828125
3120,494.569125289,train,0,18.782196044921875
3120,494.569125289,train,1,18.01288604736328
3120,494.569125289,train,2,17.835811614990234
3120,494.569125289,train,3,27.41191864013672
3130,496.121217662,train,0,18.7780704498291
3130,496.121217662,train,1,18.011600494384766
3130,496.121217662,train,2,17.82192611694336
3130,496.121217662,train,3,27.431987762451172
3140,497.67320428600004,train,0,18.76714324951172
3140,497.67320428600004,train,1,17.997926712036133
3140,497.67320428600004,train,2,17.82489776611328
3140,497.67320428600004,train,3,27.38631820678711
3150,499.226601554,train,0,18.758804321289062
3150,499.226601554,train,1,17.988338470458984
3150,499.226601554,train,2,17.813060760498047
3150,499.226601554,train,3,27.430316925048828
3160,500.77797153200004,train,0,18.751211166381836
3160,500.77797153200004,train,1,17.988027572631836
3160,500.77797153200004,train,2,17.79409408569336
3160,500.77797153200004,train,3,27.416961669921875
3170,502.33280762600003,train,0,18.740890502929688
3170,502.33280762600003,train,1,17.980758666992188
3170,502.33280762600003,train,2,17.79253387451172
3170,502.33280762600003,train,3,27.404813766479492
3180,503.88564291800003,train,0,18.72904396057129
3180,503.88564291800003,train,1,17.963254928588867
3180,503.88564291800003,train,2,17.770179748535156
3180,503.88564291800003,train,3,27.377544403076172
3190,505.438427857,train,0,18.72456169128418
3190,505.438427857,train,1,17.965137481689453
3190,505.438427857,train,2,17.77231216430664
3190,505.438427857,train,3,27.359878540039062
3200,506.991294111,train,0,18.71658706665039
3200,506.991294111,train,1,17.95215606689453
3200,506.991294111,train,2,17.757362365722656
3200,506.991294111,train,3,27.35916519165039
3200,507.054314178,valid,0,18.714235305786133
3200,507.054314178,valid,1,17.950687408447266
3200,507.054314178,valid,2,17.75932502746582
3200,507.054314178,valid,3,27.435775756835938
3210,508.609350932,train,0,18.7050838470459
3210,508.609350932,train,1,17.944488525390625
3210,508.609350932,train,2,17.751800537109375
3210,508.609350932,train,3,27.374019622802734
3220,510.161903455,train,0,18.696914672851562
3220,510.161903455,train,1,17.93309783935547
3220,510.161903455,train,2,17.740680694580078
3220,510.161903455,train,3,27.35810089111328
3230,511.71457055100007,train,0,18.691299438476562
3230,511.71457055100007,train,1,17.92432975769043
3230,511.71457055100007,train,2,17.72949981689453
3230,511.71457055100007,train,3,27.39219093322754
3240,513.2674948910001,train,0,18.679744720458984
3240,513.2674948910001,train,1,17.917072296142578
3240,513.2674948910001,train,2,17.717668533325195
3240,513.2674948910001,train,3,27.331390380859375
3250,514.821797864,train,0,18.670387268066406
3250,514.821797864,train,1,17.9061222076416
3250,514.821797864,train,2,17.71347427368164
3250,514.821797864,train,3,27.331619262695312
3260,516.374176268,train,0,18.66070556640625
3260,516.374176268,train,1,17.905366897583008
3260,516.374176268,train,2,17.705690383911133
3260,516.374176268,train,3,27.35763168334961
3270,517.926926259,train,0,18.65427017211914
3270,517.926926259,train,1,17.895341873168945
3270,517.926926259,train,2,17.692668914794922
3270,517.926926259,train,3,27.358192443847656
3280,519.479576831,train,0,18.64654541015625
3280,519.479576831,train,1,17.888591766357422
3280,519.479576831,train,2,17.682523727416992
3280,519.479576831,train,3,27.29482650756836
3290,521.032847979,train,0,18.638429641723633
3290,521.032847979,train,1,17.8856201171875
3290,521.032847979,train,2,17.676450729370117
3290,521.032847979,train,3,27.308618545532227
3300,522.584522126,train,0,18.62466812133789
3300,522.584522126,train,1,17.862079620361328
3300,522.584522126,train,2,17.666872024536133
3300,522.584522126,train,3,27.33107566833496
3300,522.6471747090001,valid,0,18.623680114746094
3300,522.6471747090001,valid,1,17.86151123046875
3300,522.6471747090001,valid,2,17.666522979736328
3300,522.6471747090001,valid,3,27.314170837402344
3310,524.199439889,train,0,18.61939811706543
3310,524.199439889,train,1,17.85926628112793
3310,524.199439889,train,2,17.64900016784668
3310,524.199439889,train,3,27.286117553710938
3320,525.752328598,train,0,18.608774185180664
3320,525.752328598,train,1,17.85664939880371
3320,525.752328598,train,2,17.645780563354492
3320,525.752328598,train,3,27.326719284057617
3330,527.302746715,train,0,18.602174758911133
3330,527.302746715,train,1,17.853275299072266
3330,527.302746715,train,2,17.647682189941406
3330,527.302746715,train,3,27.336833953857422
3340,528.853968846,train,0,18.59081268310547
3340,528.853968846,train,1,17.841114044189453
3340,528.853968846,train,2,17.63347816467285
3340,528.853968846,train,3,27.348594665527344
3350,530.4067309750001,train,0,18.580652236938477
3350,530.4067309750001,train,1,17.831432342529297
3350,530.4067309750001,train,2,17.624958038330078
3350,530.4067309750001,train,3,27.359420776367188
3360,531.960309467,train,0,18.570262908935547
3360,531.960309467,train,1,17.819528579711914
3360,531.960309467,train,2,17.614486694335938
3360,531.960309467,train,3,27.295183181762695
3370,533.513967305,train,0,18.556884765625
3370,533.513967305,train,1,17.806884765625
3370,533.513967305,train,2,17.595909118652344
3370,533.513967305,train,3,27.289527893066406
3380,535.06542501,train,0,18.550827026367188
3380,535.06542501,train,1,17.814443588256836
3380,535.06542501,train,2,17.596736907958984
3380,535.06542501,train,3,27.279586791992188
3390,536.6195182820001,train,0,18.540319442749023
3390,536.6195182820001,train,1,17.801767349243164
3390,536.6195182820001,train,2,17.587997436523438
3390,536.6195182820001,train,3,27.300996780395508
3400,538.1710390430001,train,0,18.533050537109375
3400,538.1710390430001,train,1,17.79759979248047
3400,538.1710390430001,train,2,17.576284408569336
3400,538.1710390430001,train,3,27.263872146606445
3400,538.22705046,valid,0,18.53156089782715
3400,538.22705046,valid,1,17.79184913635254
3400,538.22705046,valid,2,17.579607009887695
3400,538.22705046,valid,3,27.29905128479004
3410,539.779851409,train,0,18.52791976928711
3410,539.779851409,train,1,17.791736602783203
3410,539.779851409,train,2,17.566802978515625
3410,539.779851409,train,3,27.27301025390625
3420,541.3312655990001,train,0,18.514686584472656
3420,541.3312655990001,train,1,17.77635955810547
3420,541.3312655990001,train,2,17.560657501220703
3420,541.3312655990001,train,3,27.323307037353516
3430,542.883256319,train,0,18.506385803222656
3430,542.883256319,train,1,17.769588470458984
3430,542.883256319,train,2,17.55317497253418
3430,542.883256319,train,3,27.266231536865234
3440,544.436243968,train,0,18.49554443359375
3440,544.436243968,train,1,17.764148712158203
3440,544.436243968,train,2,17.54656219482422
3440,544.436243968,train,3,27.17715072631836
3450,545.987937972,train,0,18.486568450927734
3450,545.987937972,train,1,17.752986907958984
3450,545.987937972,train,2,17.527542114257812
3450,545.987937972,train,3,27.222675323486328
3460,547.5407320840001,train,0,18.47491455078125
3460,547.5407320840001,train,1,17.74341583251953
3460,547.5407320840001,train,2,17.525421142578125
3460,547.5407320840001,train,3,27.29665184020996
3470,549.0933527760001,train,0,18.463932037353516
3470,549.0933527760001,train,1,17.740114212036133
3470,549.0933527760001,train,2,17.52047348022461
3470,549.0933527760001,train,3,27.267478942871094
3480,550.644891977,train,0,18.457937240600586
3480,550.644891977,train,1,17.737022399902344
3480,550.644891977,train,2,17.510435104370117
3480,550.644891977,train,3,27.259021759033203
3490,552.194989706,train,0,18.449398040771484
3490,552.194989706,train,1,17.730117797851562
3490,552.194989706,train,2,17.487606048583984
3490,552.194989706,train,3,27.279512405395508
3500,553.745919089,train,0,18.4409122467041
3500,553.745919089,train,1,17.716739654541016
3500,553.745919089,train,2,17.497013092041016
3500,553.745919089,train,3,27.239688873291016
3500,553.809213545,valid,0,18.44102668762207
3500,553.809213545,valid,1,17.720516204833984
3500,553.809213545,valid,2,17.49374771118164
3500,553.809213545,valid,3,27.22989273071289
3510,555.361086075,train,0,18.42892074584961
3510,555.361086075,train,1,17.716510772705078
3510,555.361086075,train,2,17.479705810546875
3510,555.361086075,train,3,27.220443725585938
3520,556.91372327,train,0,18.422815322875977
3520,556.91372327,train,1,17.702926635742188
3520,556.91372327,train,2,17.467021942138672
3520,556.91372327,train,3,27.16651153564453
3530,558.465001042,train,0,18.415576934814453
3530,558.465001042,train,1,17.69989776611328
3530,558.465001042,train,2,17.468021392822266
3530,558.465001042,train,3,27.15966796875
3540,560.0185611,train,0,18.40778923034668
3540,560.0185611,train,1,17.687599182128906
3540,560.0185611,train,2,17.45829963684082
3540,560.0185611,train,3,27.238189697265625
3550,561.569838147,train,0,18.39983558654785
3550,561.569838147,train,1,17.687702178955078
3550,561.569838147,train,2,17.452871322631836
3550,561.569838147,train,3,27.247173309326172
3560,563.120491143,train,0,18.391048431396484
3560,563.120491143,train,1,17.676761627197266
3560,563.120491143,train,2,17.440593719482422
3560,563.120491143,train,3,27.189762115478516
3570,564.674277303,train,0,18.377948760986328
3570,564.674277303,train,1,17.65873908996582
3570,564.674277303,train,2,17.43274688720703
3570,564.674277303,train,3,27.192657470703125
3580,566.226014117,train,0,18.369199752807617
3580,566.226014117,train,1,17.6552734375
3580,566.226014117,train,2,17.42104721069336
3580,566.226014117,train,3,27.222463607788086
3590,567.777801789,train,0,18.359540939331055
3590,567.777801789,train,1,17.644145965576172
3590,567.777801789,train,2,17.421037673950195
3590,567.777801789,train,3,27.19359588623047
3600,569.3293679330001,train,0,18.353195190429688
3600,569.3293679330001,train,1,17.644222259521484
3600,569.3293679330001,train,2,17.403705596923828
3600,569.3293679330001,train,3,27.238712310791016
3600,569.3864863160001,valid,0,18.3521728515625
3600,569.3864863160001,valid,1,17.64339256286621
3600,569.3864863160001,valid,2,17.41000747680664
3600,569.3864863160001,valid,3,27.262310028076172
3610,570.9382447,train,0,18.344350814819336
3610,570.9382447,train,1,17.634702682495117
3610,570.9382447,train,2,17.398757934570312
3610,570.9382447,train,3,27.148942947387695
3620,572.491230785,train,0,18.335468292236328
3620,572.491230785,train,1,17.632797241210938
3620,572.491230785,train,2,17.397048950195312
3620,572.491230785,train,3,27.2152099609375
3630,574.043548332,train,0,18.322704315185547
3630,574.043548332,train,1,17.625959396362305
3630,574.043548332,train,2,17.376094818115234
3630,574.043548332,train,3,27.230297088623047
3640,575.596477086,train,0,18.313777923583984
3640,575.596477086,train,1,17.615856170654297
3640,575.596477086,train,2,17.3747501373291
3640,575.596477086,train,3,27.12665557861328
3650,577.149262599,train,0,18.305267333984375
3650,577.149262599,train,1,17.59929656982422
3650,577.149262599,train,2,17.370849609375
3650,577.149262599,train,3,27.167205810546875
3660,578.700862843,train,0,18.301782608032227
3660,578.700862843,train,1,17.60370445251465
3660,578.700862843,train,2,17.363384246826172
3660,578.700862843,train,3,27.12916374206543
3670,580.252420507,train,0,18.291908264160156
3670,580.252420507,train,1,17.582763671875
3670,580.252420507,train,2,17.358814239501953
3670,580.252420507,train,3,27.17446517944336
3680,581.805031033,train,0,18.284669876098633
3680,581.805031033,train,1,17.583770751953125
3680,581.805031033,train,2,17.3408260345459
3680,581.805031033,train,3,27.193897247314453
3690,583.358268757,train,0,18.27886199951172
3690,583.358268757,train,1,17.578777313232422
3690,583.358268757,train,2,17.34307098388672
3690,583.358268757,train,3,27.089008331298828
3700,584.9105397870001,train,0,18.268943786621094
3700,584.9105397870001,train,1,17.570466995239258
3700,584.9105397870001,train,2,17.324108123779297
3700,584.9105397870001,train,3,27.2022705078125
3700,584.972486968,valid,0,18.267854690551758
3700,584.972486968,valid,1,17.569927215576172
3700,584.972486968,valid,2,17.328828811645508
3700,584.972486968,valid,3,27.215492248535156
3710,586.5244798250001,train,0,18.258569717407227
3710,586.5244798250001,train,1,17.561481475830078
3710,586.5244798250001,train,2,17.31582260131836
3710,586.5244798250001,train,3,27.096750259399414
3720,588.075912448,train,0,18.24930191040039
3720,588.075912448,train,1,17.556415557861328
3720,588.075912448,train,2,17.308673858642578
3720,588.075912448,train,3,27.11562728881836
3730,589.629891291,train,0,18.23709487915039
3730,589.629891291,train,1,17.54898452758789
3730,589.629891291,train,2,17.300750732421875
3730,589.629891291,train,3,27.118873596191406
3740,591.184702691,train,0,18.237825393676758
3740,591.184702691,train,1,17.540224075317383
3740,591.184702691,train,2,17.293354034423828
3740,591.184702691,train,3,27.176727294921875
3750,592.736796216,train,0,18.230609893798828
3750,592.736796216,train,1,17.54378318786621
3750,592.736796216,train,2,17.28354263305664
3750,592.736796216,train,3,27.17103385925293
3760,594.288853507,train,0,18.22738265991211
3760,594.288853507,train,1,17.534101486206055
3760,594.288853507,train,2,17.280324935913086
3760,594.288853507,train,3,27.12088394165039
3770,595.84042819,train,0,18.218196868896484
3770,595.84042819,train,1,17.525178909301758
3770,595.84042819,train,2,17.271671295166016
3770,595.84042819,train,3,27.128639221191406
3780,597.393883026,train,0,18.211105346679688
3780,597.393883026,train,1,17.522846221923828
3780,597.393883026,train,2,17.26509666442871
3780,597.393883026,train,3,27.130706787109375
3790,598.9458750800001,train,0,18.202930450439453
3790,598.9458750800001,train,1,17.510318756103516
3790,598.9458750800001,train,2,17.251026153564453
3790,598.9458750800001,train,3,27.090717315673828
3800,600.498703388,train,0,18.193378448486328
3800,600.498703388,train,1,17.507118225097656
3800,600.498703388,train,2,17.252853393554688
3800,600.498703388,train,3,27.189329147338867
3800,600.558160734,valid,0,18.193103790283203
3800,600.558160734,valid,1,17.503074645996094
3800,600.558160734,valid,2,17.249488830566406
3800,600.558160734,valid,3,27.161094665527344
3810,602.109709099,train,0,18.18506622314453
3810,602.109709099,train,1,17.503278732299805
3810,602.109709099,train,2,17.240678787231445
3810,602.109709099,train,3,27.221345901489258
3820,603.661941178,train,0,18.17975425720215
3820,603.661941178,train,1,17.49626350402832
3820,603.661941178,train,2,17.24107551574707
3820,603.661941178,train,3,27.16551399230957
3830,605.214524904,train,0,18.17099380493164
3830,605.214524904,train,1,17.491228103637695
3830,605.214524904,train,2,17.22772979736328
3830,605.214524904,train,3,27.053421020507812
3840,606.768528665,train,0,18.165340423583984
3840,606.768528665,train,1,17.485748291015625
3840,606.768528665,train,2,17.232006072998047
3840,606.768528665,train,3,27.131616592407227
3850,608.321543545,train,0,18.15311622619629
3850,608.321543545,train,1,17.47451400756836
3850,608.321543545,train,2,17.221603393554688
3850,608.321543545,train,3,27.16795539855957
3860,609.873839458,train,0,18.149234771728516
3860,609.873839458,train,1,17.464096069335938
3860,609.873839458,train,2,17.21426773071289
3860,609.873839458,train,3,27.16698455810547
3870,611.4273147370001,train,0,18.13998794555664
3870,611.4273147370001,train,1,17.45444107055664
3870,611.4273147370001,train,2,17.19823455810547
3870,611.4273147370001,train,3,27.032657623291016
3880,612.9792738250001,train,0,18.127758026123047
3880,612.9792738250001,train,1,17.444656372070312
3880,612.9792738250001,train,2,17.193756103515625
3880,612.9792738250001,train,3,27.103374481201172
3890,614.532204176,train,0,18.124507904052734
3890,614.532204176,train,1,17.439205169677734
3890,614.532204176,train,2,17.19276237487793
3890,614.532204176,train,3,27.11139678955078
3900,616.085886209,train,0,18.111373901367188
3900,616.085886209,train,1,17.428611755371094
3900,616.085886209,train,2,17.19369888305664
3900,616.085886209,train,3,27.099294662475586
3900,616.144620398,valid,0,18.11297607421875
3900,616.144620398,valid,1,17.434337615966797
3900,616.144620398,valid,2,17.180206298828125
3900,616.144620398,valid,3,27.114377975463867
3910,617.696951985,train,0,18.10613250732422
3910,617.696951985,train,1,17.428390502929688
3910,617.696951985,train,2,17.177593231201172
3910,617.696951985,train,3,27.05517578125
3920,619.249233707,train,0,18.100202560424805
3920,619.249233707,train,1,17.420711517333984
3920,619.249233707,train,2,17.165206909179688
3920,619.249233707,train,3,27.093936920166016
3930,620.8005885700001,train,0,18.088212966918945
3930,620.8005885700001,train,1,17.421192169189453
3930,620.8005885700001,train,2,17.145858764648438
3930,620.8005885700001,train,3,27.104129791259766
3940,622.351367298,train,0,18.086223602294922
3940,622.351367298,train,1,17.41317367553711
3940,622.351367298,train,2,17.155033111572266
3940,622.351367298,train,3,27.093063354492188
3950,623.904362978,train,0,18.07746124267578
3950,623.904362978,train,1,17.409563064575195
3950,623.904362978,train,2,17.152755737304688
3950,623.904362978,train,3,26.988807678222656
3960,625.456573799,train,0,18.067607879638672
3960,625.456573799,train,1,17.393604278564453
3960,625.456573799,train,2,17.133132934570312
3960,625.456573799,train,3,27.063140869140625
3970,627.0084714760001,train,0,18.067047119140625
3970,627.0084714760001,train,1,17.39260482788086
3970,627.0084714760001,train,2,17.122058868408203
3970,627.0084714760001,train,3,27.0684871673584
3980,628.561724098,train,0,18.05084991455078
3980,628.561724098,train,1,17.382726669311523
3980,628.561724098,train,2,17.12576675415039
3980,628.561724098,train,3,26.9866943359375
3990,630.112947295,train,0,18.046722412109375
3990,630.112947295,train,1,17.38282012939453
3990,630.112947295,train,2,17.11099624633789
3990,630.112947295,train,3,27.02987289428711
4000,631.665569917,train,0,18.036792755126953
4000,631.665569917,train,1,17.374614715576172
4000,631.665569917,train,2,17.112411499023438
4000,631.665569917,train,3,27.063419342041016
4000,631.725229815,valid,0,18.031166076660156
4000,631.725229815,valid,1,17.371618270874023
4000,631.725229815,valid,2,17.102266311645508
4000,631.725229815,valid,3,27.071945190429688
4010,633.279436891,train,0,18.028921127319336
4010,633.279436891,train,1,17.36469268798828
4010,633.279436891,train,2,17.108074188232422
4010,633.279436891,train,3,27.104583740234375
4020,634.8325214380001,train,0,18.022518157958984
4020,634.8325214380001,train,1,17.357830047607422
4020,634.8325214380001,train,2,17.09746551513672
4020,634.8325214380001,train,3,27.088960647583008
4030,636.384616316,train,0,18.013505935668945
4030,636.384616316,train,1,17.351797103881836
4030,636.384616316,train,2,17.082622528076172
4030,636.384616316,train,3,27.02047348022461
4040,637.93780823,train,0,18.007020950317383
4040,637.93780823,train,1,17.353843688964844
4040,637.93780823,train,2,17.07967185974121
4040,637.93780823,train,3,27.036008834838867
4050,639.490310692,train,0,18.000396728515625
4050,639.490310692,train,1,17.340654373168945
4050,639.490310692,train,2,17.069625854492188
4050,639.490310692,train,3,27.075340270996094
4060,641.042508126,train,0,17.98903465270996
4060,641.042508126,train,1,17.336021423339844
4060,641.042508126,train,2,17.072525024414062
4060,641.042508126,train,3,27.070192337036133
4070,642.5939527,train,0,17.986419677734375
4070,642.5939527,train,1,17.327842712402344
4070,642.5939527,train,2,17.061481475830078
4070,642.5939527,train,3,27.13753318786621
4080,644.146932297,train,0,17.972530364990234
4080,644.146932297,train,1,17.311368942260742
4080,644.146932297,train,2,17.049922943115234
4080,644.146932297,train,3,27.050559997558594
4090,645.6982620910001,train,0,17.967374801635742
4090,645.6982620910001,train,1,17.312589645385742
4090,645.6982620910001,train,2,17.046531677246094
4090,645.6982620910001,train,3,27.0302677154541
4100,647.251357256,train,0,17.967256546020508
4100,647.251357256,train,1,17.307109832763672
4100,647.251357256,train,2,17.031044006347656
4100,647.251357256,train,3,27.03519058227539
4100,647.3124229590001,valid,0,17.96417236328125
4100,647.3124229590001,valid,1,17.30377769470215
4100,647.3124229590001,valid,2,17.036056518554688
4100,647.3124229590001,valid,3,27.041561126708984
4110,648.865205489,train,0,17.955204010009766
4110,648.865205489,train,1,17.30907440185547
4110,648.865205489,train,2,17.038372039794922
4110,648.865205489,train,3,27.205856323242188
4120,650.416408787,train,0,17.94770050048828
4120,650.416408787,train,1,17.292810440063477
4120,650.416408787,train,2,17.022266387939453
4120,650.416408787,train,3,27.069183349609375
4130,651.969393724,train,0,17.941381454467773
4130,651.969393724,train,1,17.298891067504883
4130,651.969393724,train,2,17.00607681274414
4130,651.969393724,train,3,26.960731506347656
4140,653.520590445,train,0,17.935455322265625
4140,653.520590445,train,1,17.286666870117188
4140,653.520590445,train,2,16.998262405395508
4140,653.520590445,train,3,27.024282455444336
4150,655.072189911,train,0,17.93320083618164
4150,655.072189911,train,1,17.28290367126465
4150,655.072189911,train,2,16.997638702392578
4150,655.072189911,train,3,26.97541046142578
4160,656.6266992,train,0,17.92490005493164
4160,656.6266992,train,1,17.284465789794922
4160,656.6266992,train,2,17.001428604125977
4160,656.6266992,train,3,27.017047882080078
4170,658.1818157600001,train,0,17.915740966796875
4170,658.1818157600001,train,1,17.272754669189453
4170,658.1818157600001,train,2,16.994033813476562
4170,658.1818157600001,train,3,27.030427932739258
4180,659.734111158,train,0,17.906169891357422
4180,659.734111158,train,1,17.270244598388672
4180,659.734111158,train,2,16.99274444580078
4180,659.734111158,train,3,27.033267974853516
4190,661.2852852240001,train,0,17.89902687072754
4190,661.2852852240001,train,1,17.259952545166016
4190,661.2852852240001,train,2,16.975284576416016
4190,661.2852852240001,train,3,27.021976470947266
4200,662.8371012590001,train,0,17.888992309570312
4200,662.8371012590001,train,1,17.25940704345703
4200,662.8371012590001,train,2,16.965635299682617
4200,662.8371012590001,train,3,27.006389617919922
4200,662.894938069,valid,0,17.88821792602539
4200,662.894938069,valid,1,17.254802703857422
4200,662.894938069,valid,2,16.9652099609375
4200,662.894938069,valid,3,27.017820358276367
4210,664.447335789,train,0,17.878551483154297
4210,664.447335789,train,1,17.24756622314453
4210,664.447335789,train,2,16.971717834472656
4210,664.447335789,train,3,26.99626922607422
4220,666.000040224,train,0,17.87677764892578
4220,666.000040224,train,1,17.250732421875
4220,666.000040224,train,2,16.946434020996094
4220,666.000040224,train,3,27.04345703125
4230,667.552448135,train,0,17.871505737304688
4230,667.552448135,train,1,17.238983154296875
4230,667.552448135,train,2,16.945423126220703
4230,667.552448135,train,3,26.888427734375
4240,669.1045188310001,train,0,17.86370849609375
4240,669.1045188310001,train,1,17.230533599853516
4240,669.1045188310001,train,2,16.93641471862793
4240,669.1045188310001,train,3,27.00436782836914
4250,670.655496622,train,0,17.857913970947266
4250,670.655496622,train,1,17.237071990966797
4250,670.655496622,train,2,16.93862533569336
4250,670.655496622,train,3,26.94841766357422
4260,672.20606295,train,0,17.84885597229004
4260,672.20606295,train,1,17.22812843322754
4260,672.20606295,train,2,16.926631927490234
4260,672.20606295,train,3,27.05101203918457
4270,673.756433971,train,0,17.84406089782715
4270,673.756433971,train,1,17.22270393371582
4270,673.756433971,train,2,16.92217445373535
4270,673.756433971,train,3,27.035350799560547
4280,675.3084649890001,train,0,17.832229614257812
4280,675.3084649890001,train,1,17.215444564819336
4280,675.3084649890001,train,2,16.899734497070312
4280,675.3084649890001,train,3,26.989030838012695
4290,676.862263117,train,0,17.827072143554688
4290,676.862263117,train,1,17.203868865966797
4290,676.862263117,train,2,16.90451431274414
4290,676.862263117,train,3,27.058963775634766
4300,678.414988042,train,0,17.821430206298828
4300,678.414988042,train,1,17.194583892822266
4300,678.414988042,train,2,16.90685272216797
4300,678.414988042,train,3,26.92985725402832
4300,678.476655639,valid,0,17.820131301879883
4300,678.476655639,valid,1,17.196012496948242
4300,678.476655639,valid,2,16.905532836914062
4300,678.476655639,valid,3,26.986255645751953
4310,680.029038407,train,0,17.81824493408203
4310,680.029038407,train,1,17.19598388671875
4310,680.029038407,train,2,16.890857696533203
4310,680.029038407,train,3,27.043066024780273
4320,681.58108199,train,0,17.812313079833984
4320,681.58108199,train,1,17.191852569580078
4320,681.58108199,train,2,16.889446258544922
4320,681.58108199,train,3,26.986042022705078
4330,683.132967397,train,0,17.804012298583984
4330,683.132967397,train,1,17.178979873657227
4330,683.132967397,train,2,16.89100456237793
4330,683.132967397,train,3,27.094844818115234
4340,684.685355273,train,0,17.7965030670166
4340,684.685355273,train,1,17.1783447265625
4340,684.685355273,train,2,16.88543701171875
4340,684.685355273,train,3,27.017059326171875
4350,686.236686661,train,0,17.785606384277344
4350,686.236686661,train,1,17.174041748046875
4350,686.236686661,train,2,16.88388442993164
4350,686.236686661,train,3,27.03512191772461
4360,687.789374648,train,0,17.784236907958984
4360,687.789374648,train,1,17.167566299438477
4360,687.789374648,train,2,16.863487243652344
4360,687.789374648,train,3,27.010828018188477
4370,689.341455862,train,0,17.776432037353516
4370,689.341455862,train,1,17.167316436767578
4370,689.341455862,train,2,16.849323272705078
4370,689.341455862,train,3,27.076690673828125
4380,690.893503474,train,0,17.771385192871094
4380,690.893503474,train,1,17.165714263916016
4380,690.893503474,train,2,16.855178833007812
4380,690.893503474,train,3,27.054908752441406
4390,692.447042577,train,0,17.75568199157715
4390,692.447042577,train,1,17.15161895751953
4390,692.447042577,train,2,16.848024368286133
4390,692.447042577,train,3,27.02181053161621
4400,693.998897721,train,0,17.759666442871094
4400,693.998897721,train,1,17.155805587768555
4400,693.998897721,train,2,16.835142135620117
4400,693.998897721,train,3,26.921390533447266
4400,694.056683009,valid,0,17.759897232055664
4400,694.056683009,valid,1,17.16168212890625
4400,694.056683009,valid,2,16.835834503173828
4400,694.056683009,valid,3,26.990306854248047
4410,695.609043172,train,0,17.754165649414062
4410,695.609043172,train,1,17.151260375976562
4410,695.609043172,train,2,16.838665008544922
4410,695.609043172,train,3,27.020832061767578
4420,697.160978505,train,0,17.74227523803711
4420,697.160978505,train,1,17.127731323242188
4420,697.160978505,train,2,16.829505920410156
4420,697.160978505,train,3,26.997657775878906
4430,698.7131060730001,train,0,17.735435485839844
4430,698.7131060730001,train,1,17.125497817993164
4430,698.7131060730001,train,2,16.831035614013672
4430,698.7131060730001,train,3,27.02838897705078
4440,700.267359943,train,0,17.726572036743164
4440,700.267359943,train,1,17.12359046936035
4440,700.267359943,train,2,16.81937026977539
4440,700.267359943,train,3,27.080415725708008
4450,701.8189798880001,train,0,17.728750228881836
4450,701.8189798880001,train,1,17.125438690185547
4450,701.8189798880001,train,2,16.813568115234375
4450,701.8189798880001,train,3,26.958377838134766
4460,703.3703532110001,train,0,17.720836639404297
4460,703.3703532110001,train,1,17.119903564453125
4460,703.3703532110001,train,2,16.80697250366211
4460,703.3703532110001,train,3,26.910133361816406
4470,704.921960201,train,0,17.717041015625
4470,704.921960201,train,1,17.11509895324707
4470,704.921960201,train,2,16.80035400390625
4470,704.921960201,train,3,26.963787078857422
4480,706.473419385,train,0,17.71319007873535
4480,706.473419385,train,1,17.115375518798828
4480,706.473419385,train,2,16.79426383972168
4480,706.473419385,train,3,26.965686798095703
4490,708.027053424,train,0,17.70124053955078
4490,708.027053424,train,1,17.107067108154297
4490,708.027053424,train,2,16.7872314453125
4490,708.027053424,train,3,26.96466827392578
4500,709.5770860590001,train,0,17.69681167602539
4500,709.5770860590001,train,1,17.09848403930664
4500,709.5770860590001,train,2,16.78200340270996
4500,709.5770860590001,train,3,26.98781967163086
4500,709.640472413,valid,0,17.69656753540039
4500,709.640472413,valid,1,17.09442901611328
4500,709.640472413,valid,2,16.78310775756836
4500,709.640472413,valid,3,26.926565170288086
4510,711.194596903,train,0,17.685264587402344
4510,711.194596903,train,1,17.088817596435547
4510,711.194596903,train,2,16.769020080566406
4510,711.194596903,train,3,27.006813049316406
4520,712.748115375,train,0,17.679031372070312
4520,712.748115375,train,1,17.08040428161621
4520,712.748115375,train,2,16.77771759033203
4520,712.748115375,train,3,27.021028518676758
4530,714.3005148020001,train,0,17.678016662597656
4530,714.3005148020001,train,1,17.08148193359375
4530,714.3005148020001,train,2,16.770776748657227
4530,714.3005148020001,train,3,27.001428604125977
4540,715.8511812400001,train,0,17.670387268066406
4540,715.8511812400001,train,1,17.06825828552246
4540,715.8511812400001,train,2,16.770061492919922
4540,715.8511812400001,train,3,26.927906036376953
4550,717.402240438,train,0,17.657451629638672
4550,717.402240438,train,1,17.07209587097168
4550,717.402240438,train,2,16.753665924072266
4550,717.402240438,train,3,27.01922607421875
4560,718.95310392,train,0,17.65708351135254
4560,718.95310392,train,1,17.062097549438477
4560,718.95310392,train,2,16.74957275390625
4560,718.95310392,train,3,26.941604614257812
4570,720.5050733530001,train,0,17.656282424926758
4570,720.5050733530001,train,1,17.067289352416992
4570,720.5050733530001,train,2,16.733835220336914
4570,720.5050733530001,train,3,26.938459396362305
4580,722.0570162610001,train,0,17.64809226989746
4580,722.0570162610001,train,1,17.06128692626953
4580,722.0570162610001,train,2,16.72703742980957
4580,722.0570162610001,train,3,27.036945343017578
4590,723.60855428,train,0,17.647838592529297
4590,723.60855428,train,1,17.046558380126953
4590,723.60855428,train,2,16.725303649902344
4590,723.60855428,train,3,26.895706176757812
4600,725.161999468,train,0,17.63592529296875
4600,725.161999468,train,1,17.040149688720703
4600,725.161999468,train,2,16.721609115600586
4600,725.161999468,train,3,27.046138763427734
4600,725.221352962,valid,0,17.639516830444336
4600,725.221352962,valid,1,17.03990936279297
4600,725.221352962,valid,2,16.718597412109375
4600,725.221352962,valid,3,26.95427894592285
4610,726.774309929,train,0,17.6381893157959
4610,726.774309929,train,1,17.04665756225586
4610,726.774309929,train,2,16.720537185668945
4610,726.774309929,train,3,27.03465461730957
4620,728.3270696650001,train,0,17.625019073486328
4620,728.3270696650001,train,1,17.037010192871094
4620,728.3270696650001,train,2,16.7159423828125
4620,728.3270696650001,train,3,26.969951629638672
4630,729.880612941,train,0,17.622344970703125
4630,729.880612941,train,1,17.046249389648438
4630,729.880612941,train,2,16.71635627746582
4630,729.880612941,train,3,26.99944496154785
4640,731.433752242,train,0,17.609912872314453
4640,731.433752242,train,1,17.023632049560547
4640,731.433752242,train,2,16.7001953125
4640,731.433752242,train,3,26.890380859375
4650,732.984805541,train,0,17.604724884033203
4650,732.984805541,train,1,17.020793914794922
4650,732.984805541,train,2,16.69731903076172
4650,732.984805541,train,3,27.021297454833984
4660,734.537021922,train,0,17.60382843017578
4660,734.537021922,train,1,17.016990661621094
4660,734.537021922,train,2,16.690383911132812
4660,734.537021922,train,3,27.017108917236328
4670,736.0899477940001,train,0,17.59685516357422
4670,736.0899477940001,train,1,17.015085220336914
4670,736.0899477940001,train,2,16.688335418701172
4670,736.0899477940001,train,3,27.06206703186035
4680,737.6410661,train,0,17.590660095214844
4680,737.6410661,train,1,17.007396697998047
4680,737.6410661,train,2,16.689464569091797
4680,737.6410661,train,3,27.00455093383789
4690,739.194909551,train,0,17.580947875976562
4690,739.194909551,train,1,17.00775146484375
4690,739.194909551,train,2,16.676952362060547
4690,739.194909551,train,3,26.863065719604492
4700,740.746769204,train,0,17.574970245361328
4700,740.746769204,train,1,16.99586296081543
4700,740.746769204,train,2,16.665138244628906
4700,740.746769204,train,3,26.876495361328125
4700,740.805114218,valid,0,17.574888229370117
4700,740.805114218,valid,1,16.99945831298828
4700,740.805114218,valid,2,16.672088623046875
4700,740.805114218,valid,3,26.94322967529297
4710,742.361647704,train,0,17.569732666015625
4710,742.361647704,train,1,16.99301528930664
4710,742.361647704,train,2,16.659954071044922
4710,742.361647704,train,3,26.897613525390625
4720,743.913364705,train,0,17.563796997070312
4720,743.913364705,train,1,16.99151611328125
4720,743.913364705,train,2,16.663047790527344
4720,743.913364705,train,3,26.947263717651367
4730,745.465824271,train,0,17.562715530395508
4730,745.465824271,train,1,16.98772430419922
4730,745.465824271,train,2,16.655921936035156
4730,745.465824271,train,3,27.016185760498047
4740,747.018293762,train,0,17.556808471679688
4740,747.018293762,train,1,16.982555389404297
4740,747.018293762,train,2,16.648643493652344
4740,747.018293762,train,3,26.923534393310547
4750,748.572239888,train,0,17.55044937133789
4750,748.572239888,train,1,16.97637939453125
4750,748.572239888,train,2,16.650968551635742
4750,748.572239888,train,3,26.94980239868164
4760,750.124900572,train,0,17.542753219604492
4760,750.124900572,train,1,16.967626571655273
4760,750.124900572,train,2,16.634239196777344
4760,750.124900572,train,3,26.879112243652344
4770,751.676376688,train,0,17.541038513183594
4770,751.676376688,train,1,16.967029571533203
4770,751.676376688,train,2,16.6412353515625
4770,751.676376688,train,3,26.900558471679688
4780,753.22876625,train,0,17.535266876220703
4780,753.22876625,train,1,16.964109420776367
4780,753.22876625,train,2,16.637603759765625
4780,753.22876625,train,3,27.000953674316406
4790,754.7816282040001,train,0,17.530414581298828
4790,754.7816282040001,train,1,16.961280822753906
4790,754.7816282040001,train,2,16.635774612426758
4790,754.7816282040001,train,3,27.01959228515625
4800,756.332135406,train,0,17.524917602539062
4800,756.332135406,train,1,16.96099853515625
4800,756.332135406,train,2,16.622238159179688
4800,756.332135406,train,3,26.947349548339844
4800,756.389708254,valid,0,17.523212432861328
4800,756.389708254,valid,1,16.960920333862305
4800,756.389708254,valid,2,16.624298095703125
4800,756.389708254,valid,3,26.98426055908203
4810,757.941832313,train,0,17.520339965820312
4810,757.941832313,train,1,16.956085205078125
4810,757.941832313,train,2,16.618358612060547
4810,757.941832313,train,3,27.05478286743164
4820,759.494258415,train,0,17.515193939208984
4820,759.494258415,train,1,16.948467254638672
4820,759.494258415,train,2,16.612369537353516
4820,759.494258415,train,3,26.973812103271484
4830,761.0453171830001,train,0,17.51350212097168
4830,761.0453171830001,train,1,16.939311981201172
4830,761.0453171830001,train,2,16.60997772216797
4830,761.0453171830001,train,3,26.920684814453125
4840,762.596460125,train,0,17.506977081298828
4840,762.596460125,train,1,16.943111419677734
4840,762.596460125,train,2,16.61684799194336
4840,762.596460125,train,3,26.93487548828125
4850,764.1470342910001,train,0,17.49895477294922
4850,764.1470342910001,train,1,16.93215560913086
4850,764.1470342910001,train,2,16.600614547729492
4850,764.1470342910001,train,3,26.953908920288086
4860,765.7002525940001,train,0,17.488758087158203
4860,765.7002525940001,train,1,16.91897201538086
4860,765.7002525940001,train,2,16.594619750976562
4860,765.7002525940001,train,3,27.02997589111328
4870,767.253171884,train,0,17.491466522216797
4870,767.253171884,train,1,16.9262638092041
4870,767.253171884,train,2,16.592082977294922
4870,767.253171884,train,3,26.95025634765625
4880,768.806787899,train,0,17.483488082885742
4880,768.806787899,train,1,16.920700073242188
4880,768.806787899,train,2,16.582725524902344
4880,768.806787899,train,3,26.928443908691406
4890,770.358944545,train,0,17.473215103149414
4890,770.358944545,train,1,16.91586685180664
4890,770.358944545,train,2,16.579444885253906
4890,770.358944545,train,3,26.935073852539062
4900,771.910055895,train,0,17.466140747070312
4900,771.910055895,train,1,16.904678344726562
4900,771.910055895,train,2,16.575969696044922
4900,771.910055895,train,3,27.012317657470703
4900,771.967494849,valid,0,17.463144302368164
4900,771.967494849,valid,1,16.908254623413086
4900,771.967494849,valid,2,16.565013885498047
4900,771.967494849,valid,3,26.982177734375
4910,773.521331844,train,0,17.461502075195312
4910,773.521331844,train,1,16.903379440307617
4910,773.521331844,train,2,16.56600570678711
4910,773.521331844,train,3,26.9283504486084
4920,775.072230861,train,0,17.457735061645508
4920,775.072230861,train,1,16.910221099853516
4920,775.072230861,train,2,16.565322875976562
4920,775.072230861,train,3,26.997373580932617
4930,776.623458374,train,0,17.44959259033203
4930,776.623458374,train,1,16.889680862426758
4930,776.623458374,train,2,16.545654296875
4930,776.623458374,train,3,26.98503875732422
4940,778.177552214,train,0,17.442657470703125
4940,778.177552214,train,1,16.890945434570312
4940,778.177552214,train,2,16.553190231323242
4940,778.177552214,train,3,27.09716796875
4950,779.7289874200001,train,0,17.439308166503906
4950,779.7289874200001,train,1,16.891935348510742
4950,779.7289874200001,train,2,16.546588897705078
4950,779.7289874200001,train,3,26.98883819580078
4960,781.281608804,train,0,17.43925666809082
4960,781.281608804,train,1,16.884122848510742
4960,781.281608804,train,2,16.537342071533203
4960,781.281608804,train,3,26.968320846557617
4970,782.833641336,train,0,17.432373046875
4970,782.833641336,train,1,16.87687873840332
4970,782.833641336,train,2,16.536163330078125
4970,782.833641336,train,3,26.916492462158203
4980,784.387459682,train,0,17.426067352294922
4980,784.387459682,train,1,16.879138946533203
4980,784.387459682,train,2,16.531204223632812
4980,784.387459682,train,3,27.029586791992188
4990,785.940043211,train,0,17.423412322998047
4990,785.940043211,train,1,16.87691879272461
4990,785.940043211,train,2,16.524322509765625
4990,785.940043211,train,3,27.005290985107422
