step,wallclock_seconds,split,layer,mean_l2_norm
0,7.946102708,train,0,22.627304077148438
0,7.946102708,train,1,22.62732696533203
0,7.946102708,train,2,22.627334594726562
0,7.946102708,train,3,22.627342224121094
0,8.009656769,valid,0,22.627304077148438
0,8.009656769,valid,1,22.62732696533203
0,8.009656769,valid,2,22.627334594726562
0,8.009656769,valid,3,22.627342224121094
10,9.554184118999999,train,0,22.626270294189453
10,9.554184118999999,train,1,22.626874923706055
10,9.554184118999999,train,2,22.6286678314209
10,9.554184118999999,train,3,22.631193161010742
20,11.082827014,train,0,22.624534606933594
20,11.082827014,train,1,22.629440307617188
20,11.082827014,train,2,22.63502311706543
20,11.082827014,train,3,22.660966873168945
30,12.612156053,train,0,22.62507438659668
30,12.612156053,train,1,22.62574005126953
30,12.612156053,train,2,22.632953643798828
30,12.612156053,train,3,22.719066619873047
40,14.140678781999998,train,0,22.625076293945312
40,14.140678781999998,train,1,22.624345779418945
40,14.140678781999998,train,2,22.630687713623047
40,14.140678781999998,train,3,22.81045913696289
50,15.669796229,train,0,22.616867065429688
50,15.669796229,train,1,22.619247436523438
50,15.669796229,train,2,22.627033233642578
50,15.669796229,train,3,22.92959976196289
60,17.196837132,train,0,22.606782913208008
60,17.196837132,train,1,22.610424041748047
60,17.196837132,train,2,22.61969757080078
60,17.196837132,train,3,23.06200408935547
70,18.723830973,train,0,22.595903396606445
70,18.723830973,train,1,22.600982666015625
70,18.723830973,train,2,22.6105899810791
70,18.723830973,train,3,23.19345474243164
80,20.250086854,train,0,22.588029861450195
80,20.250086854,train,1,22.594160079956055
80,20.250086854,train,2,22.600826263427734
80,20.250086854,train,3,23.31485939025879
90,21.777802258,train,0,22.58041763305664
90,21.777802258,train,1,22.590190887451172
90,21.777802258,train,2,22.591716766357422
90,21.777802258,train,3,23.42990493774414
100,23.304093422,train,0,22.57122802734375
100,23.304093422,train,1,22.580074310302734
100,23.304093422,train,2,22.575881958007812
100,23.304093422,train,3,23.54507827758789
100,23.35615677,valid,0,22.569969177246094
100,23.35615677,valid,1,22.579275131225586
100,23.35615677,valid,2,22.575267791748047
100,23.35615677,valid,3,23.557764053344727
110,24.88242042,train,0,22.55807876586914
110,24.88242042,train,1,22.568140029907227
110,24.88242042,train,2,22.559309005737305
110,24.88242042,train,3,23.653846740722656
120,26.409027003000002,train,0,22.544292449951172
120,26.409027003000002,train,1,22.553316116333008
120,26.409027003000002,train,2,22.53807258605957
120,26.409027003000002,train,3,23.75505828857422
130,27.935661776999996,train,0,22.52749252319336
130,27.935661776999996,train,1,22.536968231201172
130,27.935661776999996,train,2,22.517337799072266
130,27.935661776999996,train,3,23.84313201904297
140,29.462958177999997,train,0,22.510101318359375
140,29.462958177999997,train,1,22.518173217773438
140,29.462958177999997,train,2,22.49518585205078
140,29.462958177999997,train,3,23.94072723388672
150,30.990369052000002,train,0,22.492868423461914
150,30.990369052000002,train,1,22.49740982055664
150,30.990369052000002,train,2,22.47405433654785
150,30.990369052000002,train,3,24.03432846069336
160,32.516427762000006,train,0,22.47365951538086
160,32.516427762000006,train,1,22.475936889648438
160,32.516427762000006,train,2,22.45318603515625
160,32.516427762000006,train,3,24.1220645904541
170,34.042179684000004,train,0,22.45755386352539
170,34.042179684000004,train,1,22.45406150817871
170,34.042179684000004,train,2,22.43185043334961
170,34.042179684000004,train,3,24.206331253051758
180,35.568630612999996,train,0,22.43927764892578
180,35.568630612999996,train,1,22.435195922851562
180,35.568630612999996,train,2,22.412328720092773
180,35.568630612999996,train,3,24.295764923095703
190,37.094785732000005,train,0,22.421058654785156
190,37.094785732000005,train,1,22.413894653320312
190,37.094785732000005,train,2,22.39167594909668
190,37.094785732000005,train,3,24.376087188720703
200,38.620333083000006,train,0,22.40280532836914
200,38.620333083000006,train,1,22.390335083007812
200,38.620333083000006,train,2,22.370052337646484
200,38.620333083000006,train,3,24.455467224121094
200,38.673038995,valid,0,22.401098251342773
200,38.673038995,valid,1,22.388038635253906
200,38.673038995,valid,2,22.367738723754883
200,38.673038995,valid,3,24.462833404541016
210,40.201081293,train,0,22.38361930847168
210,40.201081293,train,1,22.36676025390625
210,40.201081293,train,2,22.34668731689453
210,40.201081293,train,3,24.535842895507812
220,41.728468772,train,0,22.365131378173828
220,41.728468772,train,1,22.343904495239258
220,41.728468772,train,2,22.325767517089844
220,41.728468772,train,3,24.613807678222656
230,43.254686078999995,train,0,22.347915649414062
230,43.254686078999995,train,1,22.322895050048828
230,43.254686078999995,train,2,22.304710388183594
230,43.254686078999995,train,3,24.68918800354004
240,44.780629594000004,train,0,22.330608367919922
240,44.780629594000004,train,1,22.30086326599121
240,44.780629594000004,train,2,22.2840576171875
240,44.780629594000004,train,3,24.759700775146484
250,46.307270348,train,0,22.311691284179688
250,46.307270348,train,1,22.277324676513672
250,46.307270348,train,2,22.26235580444336
250,46.307270348,train,3,24.83452796936035
260,47.834779095,train,0,22.295406341552734
260,47.834779095,train,1,22.25296974182129
260,47.834779095,train,2,22.238330841064453
260,47.834779095,train,3,24.91324234008789
270,49.36198173299999,train,0,22.278276443481445
270,49.36198173299999,train,1,22.230804443359375
270,49.36198173299999,train,2,22.216846466064453
270,49.36198173299999,train,3,24.987213134765625
280,50.887353907000005,train,0,22.262134552001953
280,50.887353907000005,train,1,22.207571029663086
280,50.887353907000005,train,2,22.19622039794922
280,50.887353907000005,train,3,25.050119400024414
290,52.413029968000004,train,0,22.24492645263672
290,52.413029968000004,train,1,22.18501091003418
290,52.413029968000004,train,2,22.17432403564453
290,52.413029968000004,train,3,25.1265869140625
300,53.939723261,train,0,22.225177764892578
300,53.939723261,train,1,22.165496826171875
300,53.939723261,train,2,22.154232025146484
300,53.939723261,train,3,25.19336700439453
300,53.991845899,valid,0,22.223037719726562
300,53.991845899,valid,1,22.162944793701172
300,53.991845899,valid,2,22.152889251708984
300,53.991845899,valid,3,25.202857971191406
310,55.519842329,train,0,22.205583572387695
310,55.519842329,train,1,22.143844604492188
310,55.519842329,train,2,22.133365631103516
310,55.519842329,train,3,25.260711669921875
320,57.045787148,train,0,22.186094284057617
320,57.045787148,train,1,22.121353149414062
320,57.045787148,train,2,22.11250877380371
320,57.045787148,train,3,25.337858200073242
330,58.573414443999994,train,0,22.168575286865234
330,58.573414443999994,train,1,22.0992431640625
330,58.573414443999994,train,2,22.08979034423828
330,58.573414443999994,train,3,25.406574249267578
340,60.099545043999996,train,0,22.149438858032227
340,60.099545043999996,train,1,22.07391357421875
340,60.099545043999996,train,2,22.065753936767578
340,60.099545043999996,train,3,25.485553741455078
350,61.62589645,train,0,22.130104064941406
350,61.62589645,train,1,22.04758071899414
350,61.62589645,train,2,22.044723510742188
350,61.62589645,train,3,25.552248001098633
360,63.151155446999994,train,0,22.113422393798828
360,63.151155446999994,train,1,22.024980545043945
360,63.151155446999994,train,2,22.021366119384766
360,63.151155446999994,train,3,25.62137794494629
370,64.676462483,train,0,22.09619140625
370,64.676462483,train,1,22.002426147460938
370,64.676462483,train,2,21.99725341796875
370,64.676462483,train,3,25.691776275634766
380,66.203021599,train,0,22.079002380371094
380,66.203021599,train,1,21.980579376220703
380,66.203021599,train,2,21.973772048950195
380,66.203021599,train,3,25.76420021057129
390,67.729747037,train,0,22.063779830932617
390,67.729747037,train,1,21.95878028869629
390,67.729747037,train,2,21.953468322753906
390,67.729747037,train,3,25.83470916748047
400,69.256308316,train,0,22.048442840576172
400,69.256308316,train,1,21.937856674194336
400,69.256308316,train,2,21.930967330932617
400,69.256308316,train,3,25.898012161254883
400,69.309007575,valid,0,22.046533584594727
400,69.309007575,valid,1,21.93587875366211
400,69.309007575,valid,2,21.9292049407959
400,69.309007575,valid,3,25.903629302978516
410,70.835978833,train,0,22.030853271484375
410,70.835978833,train,1,21.91720199584961
410,70.835978833,train,2,21.90825653076172
410,70.835978833,train,3,25.973894119262695
420,72.36252151699999,train,0,22.015846252441406
420,72.36252151699999,train,1,21.895328521728516
420,72.36252151699999,train,2,21.886249542236328
420,72.36252151699999,train,3,26.046306610107422
430,73.88979234499999,train,0,21.999778747558594
430,73.88979234499999,train,1,21.874614715576172
430,73.88979234499999,train,2,21.865982055664062
430,73.88979234499999,train,3,26.11650276184082
440,75.415447336,train,0,21.982913970947266
440,75.415447336,train,1,21.850431442260742
440,75.415447336,train,2,21.843700408935547
440,75.415447336,train,3,26.182222366333008
450,76.941281359,train,0,21.967758178710938
450,76.941281359,train,1,21.82741355895996
450,76.941281359,train,2,21.824417114257812
450,76.941281359,train,3,26.246631622314453
460,78.466550507,train,0,21.95098876953125
460,78.466550507,train,1,21.80644989013672
460,78.466550507,train,2,21.80324935913086
460,78.466550507,train,3,26.313472747802734
470,79.992709226,train,0,21.93416976928711
470,79.992709226,train,1,21.784809112548828
470,79.992709226,train,2,21.78067970275879
470,79.992709226,train,3,26.370460510253906
480,81.517755008,train,0,21.91538429260254
480,81.517755008,train,1,21.76041030883789
480,81.517755008,train,2,21.75967025756836
480,81.517755008,train,3,26.43915557861328
490,83.044302602,train,0,21.897842407226562
490,83.044302602,train,1,21.737747192382812
490,83.044302602,train,2,21.736156463623047
490,83.044302602,train,3,26.509336471557617
500,84.56930297699999,train,0,21.88235092163086
500,84.56930297699999,train,1,21.71532440185547
500,84.56930297699999,train,2,21.715364456176758
500,84.56930297699999,train,3,26.567737579345703
500,84.623359262,valid,0,21.880599975585938
500,84.623359262,valid,1,21.712722778320312
500,84.623359262,valid,2,21.712127685546875
500,84.623359262,valid,3,26.571216583251953
510,86.15060219,train,0,21.866140365600586
510,86.15060219,train,1,21.692472457885742
510,86.15060219,train,2,21.690702438354492
510,86.15060219,train,3,26.631271362304688
520,87.67736053,train,0,21.85054588317871
520,87.67736053,train,1,21.671422958374023
520,87.67736053,train,2,21.671932220458984
520,87.67736053,train,3,26.686582565307617
530,89.202782492,train,0,21.837411880493164
530,89.202782492,train,1,21.650144577026367
530,89.202782492,train,2,21.64990234375
530,89.202782492,train,3,26.732833862304688
540,90.73018561399999,train,0,21.82343101501465
540,90.73018561399999,train,1,21.630666732788086
540,90.73018561399999,train,2,21.62960433959961
540,90.73018561399999,train,3,26.78952980041504
550,92.257644571,train,0,21.80583953857422
550,92.257644571,train,1,21.61098289489746
550,92.257644571,train,2,21.608673095703125
550,92.257644571,train,3,26.845073699951172
560,93.783073813,train,0,21.788497924804688
560,93.783073813,train,1,21.587421417236328
560,93.783073813,train,2,21.58626937866211
560,93.783073813,train,3,26.90676498413086
570,95.30762774099999,train,0,21.772789001464844
570,95.30762774099999,train,1,21.565338134765625
570,95.30762774099999,train,2,21.56581687927246
570,95.30762774099999,train,3,26.95410919189453
580,96.832688717,train,0,21.756847381591797
580,96.832688717,train,1,21.54486846923828
580,96.832688717,train,2,21.546192169189453
580,96.832688717,train,3,27.004423141479492
590,98.35835436699999,train,0,21.74260139465332
590,98.35835436699999,train,1,21.525657653808594
590,98.35835436699999,train,2,21.52759552001953
590,98.35835436699999,train,3,27.043237686157227
600,99.886866102,train,0,21.727787017822266
600,99.886866102,train,1,21.506011962890625
600,99.886866102,train,2,21.50678253173828
600,99.886866102,train,3,27.098602294921875
600,99.94013472099999,valid,0,21.725887298583984
600,99.94013472099999,valid,1,21.50377655029297
600,99.94013472099999,valid,2,21.50486183166504
600,99.94013472099999,valid,3,27.10013198852539
610,101.46815764099999,train,0,21.713727951049805
610,101.46815764099999,train,1,21.48678207397461
610,101.46815764099999,train,2,21.483158111572266
610,101.46815764099999,train,3,27.140743255615234
620,102.99549903799999,train,0,21.700363159179688
620,102.99549903799999,train,1,21.465084075927734
620,102.99549903799999,train,2,21.4678955078125
620,102.99549903799999,train,3,27.18966293334961
630,104.52289503,train,0,21.68524932861328
630,104.52289503,train,1,21.443370819091797
630,104.52289503,train,2,21.448974609375
630,104.52289503,train,3,27.228607177734375
640,106.053157362,train,0,21.67193603515625
640,106.053157362,train,1,21.423912048339844
640,106.053157362,train,2,21.42647933959961
640,106.053157362,train,3,27.274320602416992
650,107.58342053199999,train,0,21.656421661376953
650,107.58342053199999,train,1,21.40290069580078
650,107.58342053199999,train,2,21.407682418823242
650,107.58342053199999,train,3,27.311859130859375
660,109.112314918,train,0,21.642702102661133
660,109.112314918,train,1,21.38362693786621
660,109.112314918,train,2,21.385833740234375
660,109.112314918,train,3,27.348377227783203
670,110.643883868,train,0,21.62714195251465
670,110.643883868,train,1,21.363832473754883
670,110.643883868,train,2,21.366209030151367
670,110.643883868,train,3,27.394071578979492
680,112.17267675,train,0,21.610305786132812
680,112.17267675,train,1,21.341262817382812
680,112.17267675,train,2,21.346298217773438
680,112.17267675,train,3,27.435588836669922
690,113.70388876,train,0,21.593158721923828
690,113.70388876,train,1,21.322290420532227
690,113.70388876,train,2,21.32442283630371
690,113.70388876,train,3,27.483171463012695
700,115.232448416,train,0,21.578285217285156
700,115.232448416,train,1,21.30213165283203
700,115.232448416,train,2,21.305479049682617
700,115.232448416,train,3,27.523494720458984
700,115.293241215,valid,0,21.577653884887695
700,115.293241215,valid,1,21.299951553344727
700,115.293241215,valid,2,21.30228042602539
700,115.293241215,valid,3,27.527088165283203
710,116.822179233,train,0,21.56496810913086
710,116.822179233,train,1,21.281654357910156
710,116.822179233,train,2,21.28561019897461
710,116.822179233,train,3,27.55776023864746
720,118.351426401,train,0,21.549144744873047
720,118.351426401,train,1,21.26274871826172
720,118.351426401,train,2,21.26418113708496
720,118.351426401,train,3,27.594409942626953
730,119.880625907,train,0,21.534591674804688
730,119.880625907,train,1,21.240610122680664
730,119.880625907,train,2,21.245285034179688
730,119.880625907,train,3,27.62628746032715
740,121.40906247599999,train,0,21.520671844482422
740,121.40906247599999,train,1,21.22113037109375
740,121.40906247599999,train,2,21.224895477294922
740,121.40906247599999,train,3,27.66412925720215
750,122.936981692,train,0,21.505592346191406
750,122.936981692,train,1,21.200782775878906
750,122.936981692,train,2,21.20358657836914
750,122.936981692,train,3,27.704626083374023
760,124.46712743100001,train,0,21.491455078125
760,124.46712743100001,train,1,21.18069839477539
760,124.46712743100001,train,2,21.186695098876953
760,124.46712743100001,train,3,27.741230010986328
770,125.994947898,train,0,21.476049423217773
770,125.994947898,train,1,21.159198760986328
770,125.994947898,train,2,21.168155670166016
770,125.994947898,train,3,27.77733039855957
780,127.52356696,train,0,21.461803436279297
780,127.52356696,train,1,21.140256881713867
780,127.52356696,train,2,21.14916229248047
780,127.52356696,train,3,27.79889678955078
790,129.054474558,train,0,21.445865631103516
790,129.054474558,train,1,21.121074676513672
790,129.054474558,train,2,21.12877655029297
790,129.054474558,train,3,27.8319091796875
800,130.58272953300002,train,0,21.432161331176758
800,130.58272953300002,train,1,21.104236602783203
800,130.58272953300002,train,2,21.110797882080078
800,130.58272953300002,train,3,27.872053146362305
800,130.63919263,valid,0,21.431228637695312
800,130.63919263,valid,1,21.103078842163086
800,130.63919263,valid,2,21.109283447265625
800,130.63919263,valid,3,27.87194061279297
810,132.17156026400002,train,0,21.419790267944336
810,132.17156026400002,train,1,21.08842658996582
810,132.17156026400002,train,2,21.095632553100586
810,132.17156026400002,train,3,27.88925552368164
820,133.70165571500002,train,0,21.407394409179688
820,133.70165571500002,train,1,21.068588256835938
820,133.70165571500002,train,2,21.07225799560547
820,133.70165571500002,train,3,27.916641235351562
830,135.22692257,train,0,21.390487670898438
830,135.22692257,train,1,21.049650192260742
830,135.22692257,train,2,21.05472183227539
830,135.22692257,train,3,27.946571350097656
840,136.75490447800001,train,0,21.374502182006836
840,136.75490447800001,train,1,21.027570724487305
840,136.75490447800001,train,2,21.0335693359375
840,136.75490447800001,train,3,27.976520538330078
850,138.28218010100002,train,0,21.360410690307617
850,138.28218010100002,train,1,21.00982666015625
850,138.28218010100002,train,2,21.015945434570312
850,138.28218010100002,train,3,28.007400512695312
860,139.808158942,train,0,21.34695816040039
860,139.808158942,train,1,20.991779327392578
860,139.808158942,train,2,20.99653434753418
860,139.808158942,train,3,28.0382080078125
870,141.337033334,train,0,21.333410263061523
870,141.337033334,train,1,20.972333908081055
870,141.337033334,train,2,20.979339599609375
870,141.337033334,train,3,28.06183624267578
880,142.866173949,train,0,21.32176971435547
880,142.866173949,train,1,20.95553207397461
880,142.866173949,train,2,20.9620361328125
880,142.866173949,train,3,28.07489013671875
890,144.394803853,train,0,21.305824279785156
890,144.394803853,train,1,20.939956665039062
890,144.394803853,train,2,20.944141387939453
890,144.394803853,train,3,28.104766845703125
900,145.92329920900002,train,0,21.29208755493164
900,145.92329920900002,train,1,20.91832160949707
900,145.92329920900002,train,2,20.92200469970703
900,145.92329920900002,train,3,28.131324768066406
900,145.98316198400002,valid,0,21.290302276611328
900,145.98316198400002,valid,1,20.91543960571289
900,145.98316198400002,valid,2,20.919092178344727
900,145.98316198400002,valid,3,28.13235855102539
910,147.512877049,train,0,21.275239944458008
910,147.512877049,train,1,20.89925193786621
910,147.512877049,train,2,20.903718948364258
910,147.512877049,train,3,28.15186309814453
920,149.04123295800002,train,0,21.26068878173828
920,149.04123295800002,train,1,20.879941940307617
920,149.04123295800002,train,2,20.88702392578125
920,149.04123295800002,train,3,28.16600799560547
930,150.566238879,train,0,21.246524810791016
930,150.566238879,train,1,20.860748291015625
930,150.566238879,train,2,20.87020492553711
930,150.566238879,train,3,28.184696197509766
940,152.09054493000002,train,0,21.23273468017578
940,152.09054493000002,train,1,20.845741271972656
940,152.09054493000002,train,2,20.85207748413086
940,152.09054493000002,train,3,28.209556579589844
950,153.619051842,train,0,21.220338821411133
950,153.619051842,train,1,20.82611083984375
950,153.619051842,train,2,20.832067489624023
950,153.619051842,train,3,28.23290252685547
960,155.14690898700002,train,0,21.20388412475586
960,155.14690898700002,train,1,20.80828857421875
960,155.14690898700002,train,2,20.816728591918945
960,155.14690898700002,train,3,28.252159118652344
970,156.675672948,train,0,21.191490173339844
970,156.675672948,train,1,20.78829574584961
970,156.675672948,train,2,20.796764373779297
970,156.675672948,train,3,28.267894744873047
980,158.20805970400002,train,0,21.176097869873047
980,158.20805970400002,train,1,20.77002716064453
980,158.20805970400002,train,2,20.77716827392578
980,158.20805970400002,train,3,28.284622192382812
990,159.740612473,train,0,21.16116714477539
990,159.740612473,train,1,20.750938415527344
990,159.740612473,train,2,20.761363983154297
990,159.740612473,train,3,28.30461883544922
1000,161.267899633,train,0,21.145702362060547
1000,161.267899633,train,1,20.732131958007812
1000,161.267899633,train,2,20.74310874938965
1000,161.267899633,train,3,28.31792449951172
1000,161.32552391000002,valid,0,21.14480209350586
1000,161.32552391000002,valid,1,20.731002807617188
1000,161.32552391000002,valid,2,20.74237060546875
1000,161.32552391000002,valid,3,28.323930740356445
1010,162.852642537,train,0,21.132801055908203
1010,162.852642537,train,1,20.7148494720459
1010,162.852642537,train,2,20.725208282470703
1010,162.852642537,train,3,28.332157135009766
1020,164.378572205,train,0,21.116464614868164
1020,164.378572205,train,1,20.696807861328125
1020,164.378572205,train,2,20.70608139038086
1020,164.378572205,train,3,28.35080909729004
1030,165.90281673200002,train,0,21.1046142578125
1030,165.90281673200002,train,1,20.677791595458984
1030,165.90281673200002,train,2,20.692699432373047
1030,165.90281673200002,train,3,28.36686897277832
1040,167.43207270000002,train,0,21.088863372802734
1040,167.43207270000002,train,1,20.660001754760742
1040,167.43207270000002,train,2,20.675498962402344
1040,167.43207270000002,train,3,28.378372192382812
1050,168.965427957,train,0,21.072118759155273
1050,168.965427957,train,1,20.644664764404297
1050,168.965427957,train,2,20.657955169677734
1050,168.965427957,train,3,28.403003692626953
1060,170.491502649,train,0,21.06139373779297
1060,170.491502649,train,1,20.629436492919922
1060,170.491502649,train,2,20.64093780517578
1060,170.491502649,train,3,28.41318702697754
1070,172.02009019300002,train,0,21.048114776611328
1070,172.02009019300002,train,1,20.612953186035156
1070,172.02009019300002,train,2,20.618690490722656
1070,172.02009019300002,train,3,28.42566680908203
1080,173.55061880000002,train,0,21.033409118652344
1080,173.55061880000002,train,1,20.596790313720703
1080,173.55061880000002,train,2,20.599468231201172
1080,173.55061880000002,train,3,28.443378448486328
1090,175.080081482,train,0,21.019493103027344
1090,175.080081482,train,1,20.57831573486328
1090,175.080081482,train,2,20.584625244140625
1090,175.080081482,train,3,28.446125030517578
1100,176.607942161,train,0,21.005491256713867
1100,176.607942161,train,1,20.559341430664062
1100,176.607942161,train,2,20.569229125976562
1100,176.607942161,train,3,28.468347549438477
1100,176.666305746,valid,0,21.003154754638672
1100,176.666305746,valid,1,20.557754516601562
1100,176.666305746,valid,2,20.567291259765625
1100,176.666305746,valid,3,28.46173095703125
1110,178.19863251700002,train,0,20.986778259277344
1110,178.19863251700002,train,1,20.542625427246094
1110,178.19863251700002,train,2,20.55225372314453
1110,178.19863251700002,train,3,28.481138229370117
1120,179.726204268,train,0,20.975385665893555
1120,179.726204268,train,1,20.524995803833008
1120,179.726204268,train,2,20.532333374023438
1120,179.726204268,train,3,28.48617172241211
1130,181.254350355,train,0,20.961315155029297
1130,181.254350355,train,1,20.507545471191406
1130,181.254350355,train,2,20.514507293701172
1130,181.254350355,train,3,28.494712829589844
1140,182.785442119,train,0,20.949270248413086
1140,182.785442119,train,1,20.493051528930664
1140,182.785442119,train,2,20.502216339111328
1140,182.785442119,train,3,28.493724822998047
1150,184.312990912,train,0,20.93256378173828
1150,184.312990912,train,1,20.476308822631836
1150,184.312990912,train,2,20.487258911132812
1150,184.312990912,train,3,28.51769256591797
1160,185.84313879500002,train,0,20.921772003173828
1160,185.84313879500002,train,1,20.460826873779297
1160,185.84313879500002,train,2,20.46505355834961
1160,185.84313879500002,train,3,28.529552459716797
1170,187.376000979,train,0,20.907114028930664
1170,187.376000979,train,1,20.44393539428711
1170,187.376000979,train,2,20.45160484313965
1170,187.376000979,train,3,28.539627075195312
1180,188.904646331,train,0,20.891202926635742
1180,188.904646331,train,1,20.42607307434082
1180,188.904646331,train,2,20.434816360473633
1180,188.904646331,train,3,28.545684814453125
1190,190.435374203,train,0,20.877376556396484
1190,190.435374203,train,1,20.409229278564453
1190,190.435374203,train,2,20.41537857055664
1190,190.435374203,train,3,28.55391502380371
1200,191.96146788200002,train,0,20.864654541015625
1200,191.96146788200002,train,1,20.396509170532227
1200,191.96146788200002,train,2,20.398616790771484
1200,191.96146788200002,train,3,28.564308166503906
1200,192.01797926,valid,0,20.863361358642578
1200,192.01797926,valid,1,20.393875122070312
1200,192.01797926,valid,2,20.397846221923828
1200,192.01797926,valid,3,28.570148468017578
1210,193.543007584,train,0,20.849159240722656
1210,193.543007584,train,1,20.375673294067383
1210,193.543007584,train,2,20.381174087524414
1210,193.543007584,train,3,28.57181167602539
1220,195.071128969,train,0,20.837013244628906
1220,195.071128969,train,1,20.35956382751465
1220,195.071128969,train,2,20.363487243652344
1220,195.071128969,train,3,28.573123931884766
1230,196.597231905,train,0,20.820018768310547
1230,196.597231905,train,1,20.342498779296875
1230,196.597231905,train,2,20.348033905029297
1230,196.597231905,train,3,28.591957092285156
1240,198.122133287,train,0,20.80365562438965
1240,198.122133287,train,1,20.329524993896484
1240,198.122133287,train,2,20.33342170715332
1240,198.122133287,train,3,28.58887481689453
1250,199.647720332,train,0,20.78936195373535
1250,199.647720332,train,1,20.310680389404297
1250,199.647720332,train,2,20.315746307373047
1250,199.647720332,train,3,28.59075927734375
1260,201.174156871,train,0,20.77368927001953
1260,201.174156871,train,1,20.295040130615234
1260,201.174156871,train,2,20.29462432861328
1260,201.174156871,train,3,28.608169555664062
1270,202.70210171300002,train,0,20.76148223876953
1270,202.70210171300002,train,1,20.280282974243164
1270,202.70210171300002,train,2,20.28142547607422
1270,202.70210171300002,train,3,28.614553451538086
1280,204.22969311600002,train,0,20.751197814941406
1280,204.22969311600002,train,1,20.264984130859375
1280,204.22969311600002,train,2,20.264339447021484
1280,204.22969311600002,train,3,28.62895393371582
1290,205.759721764,train,0,20.732837677001953
1290,205.759721764,train,1,20.245689392089844
1290,205.759721764,train,2,20.245216369628906
1290,205.759721764,train,3,28.62569808959961
1300,207.289285838,train,0,20.719825744628906
1300,207.289285838,train,1,20.23184585571289
1300,207.289285838,train,2,20.232412338256836
1300,207.289285838,train,3,28.628271102905273
1300,207.35062786900002,valid,0,20.71794891357422
1300,207.35062786900002,valid,1,20.228179931640625
1300,207.35062786900002,valid,2,20.231494903564453
1300,207.35062786900002,valid,3,28.627540588378906
1310,208.877495326,train,0,20.707778930664062
1310,208.877495326,train,1,20.21293067932129
1310,208.877495326,train,2,20.213848114013672
1310,208.877495326,train,3,28.635318756103516
1320,210.40366214600002,train,0,20.69350242614746
1320,210.40366214600002,train,1,20.198421478271484
1320,210.40366214600002,train,2,20.198585510253906
1320,210.40366214600002,train,3,28.637163162231445
1330,211.931411029,train,0,20.677894592285156
1330,211.931411029,train,1,20.18240737915039
1330,211.931411029,train,2,20.18407440185547
1330,211.931411029,train,3,28.635528564453125
1340,213.457580414,train,0,20.664630889892578
1340,213.457580414,train,1,20.16791343688965
1340,213.457580414,train,2,20.167011260986328
1340,213.457580414,train,3,28.64887237548828
1350,214.983251684,train,0,20.648561477661133
1350,214.983251684,train,1,20.148029327392578
1350,214.983251684,train,2,20.149547576904297
1350,214.983251684,train,3,28.644054412841797
1360,216.51018466800002,train,0,20.636146545410156
1360,216.51018466800002,train,1,20.136817932128906
1360,216.51018466800002,train,2,20.13836669921875
1360,216.51018466800002,train,3,28.632583618164062
1370,218.03779965500001,train,0,20.620410919189453
1370,218.03779965500001,train,1,20.122150421142578
1370,218.03779965500001,train,2,20.121578216552734
1370,218.03779965500001,train,3,28.640785217285156
1380,219.56306778200002,train,0,20.609661102294922
1380,219.56306778200002,train,1,20.10503578186035
1380,219.56306778200002,train,2,20.107154846191406
1380,219.56306778200002,train,3,28.663360595703125
1390,221.09073168400002,train,0,20.59295654296875
1390,221.09073168400002,train,1,20.08939552307129
1390,221.09073168400002,train,2,20.093551635742188
1390,221.09073168400002,train,3,28.648672103881836
1400,222.61942767800002,train,0,20.581432342529297
1400,222.61942767800002,train,1,20.072399139404297
1400,222.61942767800002,train,2,20.073909759521484
1400,222.61942767800002,train,3,28.66566276550293
1400,222.67508828,valid,0,20.577247619628906
1400,222.67508828,valid,1,20.0693416595459
1400,222.67508828,valid,2,20.072893142700195
1400,222.67508828,valid,3,28.665786743164062
1410,224.205133778,train,0,20.56539535522461
1410,224.205133778,train,1,20.058124542236328
1410,224.205133778,train,2,20.060619354248047
1410,224.205133778,train,3,28.665849685668945
1420,225.732752921,train,0,20.552143096923828
1420,225.732752921,train,1,20.04314613342285
1420,225.732752921,train,2,20.04344367980957
1420,225.732752921,train,3,28.66132926940918
1430,227.259769339,train,0,20.537918090820312
1430,227.259769339,train,1,20.031997680664062
1430,227.259769339,train,2,20.027313232421875
1430,227.259769339,train,3,28.664152145385742
1440,228.78600143100002,train,0,20.52701187133789
1440,228.78600143100002,train,1,20.017356872558594
1440,228.78600143100002,train,2,20.01321029663086
1440,228.78600143100002,train,3,28.665618896484375
1450,230.31295875700002,train,0,20.512245178222656
1450,230.31295875700002,train,1,19.999906539916992
1450,230.31295875700002,train,2,19.996179580688477
1450,230.31295875700002,train,3,28.665245056152344
1460,231.841767952,train,0,20.498199462890625
1460,231.841767952,train,1,19.982513427734375
1460,231.841767952,train,2,19.976640701293945
1460,231.841767952,train,3,28.661636352539062
1470,233.36652138300002,train,0,20.483234405517578
1470,233.36652138300002,train,1,19.969070434570312
1470,233.36652138300002,train,2,19.9630126953125
1470,233.36652138300002,train,3,28.661693572998047
1480,234.892065276,train,0,20.469120025634766
1480,234.892065276,train,1,19.953472137451172
1480,234.892065276,train,2,19.946613311767578
1480,234.892065276,train,3,28.676856994628906
1490,236.42248120800002,train,0,20.45905303955078
1490,236.42248120800002,train,1,19.939834594726562
1490,236.42248120800002,train,2,19.932952880859375
1490,236.42248120800002,train,3,28.677343368530273
1500,237.950216998,train,0,20.444381713867188
1500,237.950216998,train,1,19.93004608154297
1500,237.950216998,train,2,19.91629409790039
1500,237.950216998,train,3,28.686504364013672
1500,238.007933901,valid,0,20.444725036621094
1500,238.007933901,valid,1,19.93047332763672
1500,238.007933901,valid,2,19.91644859313965
1500,238.007933901,valid,3,28.676767349243164
1510,239.53603946500002,train,0,20.43149185180664
1510,239.53603946500002,train,1,19.915090560913086
1510,239.53603946500002,train,2,19.904956817626953
1510,239.53603946500002,train,3,28.650375366210938
1520,241.063955435,train,0,20.418516159057617
1520,241.063955435,train,1,19.898862838745117
1520,241.063955435,train,2,19.884544372558594
1520,241.063955435,train,3,28.673892974853516
1530,242.59541962100002,train,0,20.403446197509766
1530,242.59541962100002,train,1,19.883567810058594
1530,242.59541962100002,train,2,19.873268127441406
1530,242.59541962100002,train,3,28.654830932617188
1540,244.123016051,train,0,20.387361526489258
1540,244.123016051,train,1,19.87001609802246
1540,244.123016051,train,2,19.854995727539062
1540,244.123016051,train,3,28.646190643310547
1550,245.65133951800001,train,0,20.37374496459961
1550,245.65133951800001,train,1,19.85748291015625
1550,245.65133951800001,train,2,19.841033935546875
1550,245.65133951800001,train,3,28.643028259277344
1560,247.18019542300001,train,0,20.36092758178711
1560,247.18019542300001,train,1,19.847620010375977
1560,247.18019542300001,train,2,19.829689025878906
1560,247.18019542300001,train,3,28.636987686157227
1570,248.70554734600003,train,0,20.345945358276367
1570,248.70554734600003,train,1,19.830228805541992
1570,248.70554734600003,train,2,19.8126163482666
1570,248.70554734600003,train,3,28.656024932861328
1580,250.23029035599998,train,0,20.334341049194336
1580,250.23029035599998,train,1,19.81300926208496
1580,250.23029035599998,train,2,19.792011260986328
1580,250.23029035599998,train,3,28.655241012573242
1590,251.75724583900003,train,0,20.321739196777344
1590,251.75724583900003,train,1,19.798065185546875
1590,251.75724583900003,train,2,19.78131675720215
1590,251.75724583900003,train,3,28.676395416259766
1600,253.28948410900003,train,0,20.30879020690918
1600,253.28948410900003,train,1,19.787242889404297
1600,253.28948410900003,train,2,19.7701358795166
1600,253.28948410900003,train,3,28.67568588256836
1600,253.354018099,valid,0,20.307580947875977
1600,253.354018099,valid,1,19.784942626953125
1600,253.354018099,valid,2,19.77048110961914
1600,253.354018099,valid,3,28.672191619873047
1610,254.88399139000003,train,0,20.294601440429688
1610,254.88399139000003,train,1,19.767303466796875
1610,254.88399139000003,train,2,19.752002716064453
1610,254.88399139000003,train,3,28.655792236328125
1620,256.408622901,train,0,20.284008026123047
1620,256.408622901,train,1,19.75611114501953
1620,256.408622901,train,2,19.743696212768555
1620,256.408622901,train,3,28.644607543945312
1630,257.934069739,train,0,20.269718170166016
1630,257.934069739,train,1,19.74323081970215
1630,257.934069739,train,2,19.724647521972656
1630,257.934069739,train,3,28.643856048583984
1640,259.462485141,train,0,20.256593704223633
1640,259.462485141,train,1,19.72965431213379
1640,259.462485141,train,2,19.707122802734375
1640,259.462485141,train,3,28.657461166381836
1650,260.992056915,train,0,20.245281219482422
1650,260.992056915,train,1,19.714275360107422
1650,260.992056915,train,2,19.6918888092041
1650,260.992056915,train,3,28.620662689208984
1660,262.523492084,train,0,20.23193359375
1660,262.523492084,train,1,19.701038360595703
1660,262.523492084,train,2,19.681644439697266
1660,262.523492084,train,3,28.673152923583984
1670,264.054789607,train,0,20.218364715576172
1670,264.054789607,train,1,19.689327239990234
1670,264.054789607,train,2,19.67329216003418
1670,264.054789607,train,3,28.621944427490234
1680,265.58558215299996,train,0,20.20322036743164
1680,265.58558215299996,train,1,19.679224014282227
1680,265.58558215299996,train,2,19.652990341186523
1680,265.58558215299996,train,3,28.638320922851562
1690,267.11672375899997,train,0,20.191225051879883
1690,267.11672375899997,train,1,19.6687068939209
1690,267.11672375899997,train,2,19.639768600463867
1690,267.11672375899997,train,3,28.62132453918457
1700,268.644651249,train,0,20.176301956176758
1700,268.644651249,train,1,19.65273666381836
1700,268.644651249,train,2,19.626379013061523
1700,268.644651249,train,3,28.618072509765625
1700,268.700917922,valid,0,20.175905227661133
1700,268.700917922,valid,1,19.651325225830078
1700,268.700917922,valid,2,19.626462936401367
1700,268.700917922,valid,3,28.61680030822754
1710,270.22994287299997,train,0,20.164182662963867
1710,270.22994287299997,train,1,19.64081573486328
1710,270.22994287299997,train,2,19.61477279663086
1710,270.22994287299997,train,3,28.631145477294922
1720,271.76100404,train,0,20.15092658996582
1720,271.76100404,train,1,19.626379013061523
1720,271.76100404,train,2,19.600784301757812
1720,271.76100404,train,3,28.621501922607422
1730,273.290542138,train,0,20.13839340209961
1730,273.290542138,train,1,19.616416931152344
1730,273.290542138,train,2,19.586441040039062
1730,273.290542138,train,3,28.584285736083984
1740,274.822660557,train,0,20.128284454345703
1740,274.822660557,train,1,19.59912872314453
1740,274.822660557,train,2,19.57999610900879
1740,274.822660557,train,3,28.62940788269043
1750,276.35570841699996,train,0,20.11662483215332
1750,276.35570841699996,train,1,19.58162498474121
1750,276.35570841699996,train,2,19.558828353881836
1750,276.35570841699996,train,3,28.603912353515625
1760,277.889202442,train,0,20.100387573242188
1760,277.889202442,train,1,19.573524475097656
1760,277.889202442,train,2,19.543310165405273
1760,277.889202442,train,3,28.601865768432617
1770,279.423052315,train,0,20.085878372192383
1770,279.423052315,train,1,19.560853958129883
1770,279.423052315,train,2,19.527082443237305
1770,279.423052315,train,3,28.583003997802734
1780,280.958715963,train,0,20.06995391845703
1780,280.958715963,train,1,19.54422378540039
1780,280.958715963,train,2,19.512466430664062
1780,280.958715963,train,3,28.584787368774414
1790,282.48771431,train,0,20.055492401123047
1790,282.48771431,train,1,19.531702041625977
1790,282.48771431,train,2,19.492088317871094
1790,282.48771431,train,3,28.547565460205078
1800,284.018344417,train,0,20.040714263916016
1800,284.018344417,train,1,19.51776695251465
1800,284.018344417,train,2,19.479087829589844
1800,284.018344417,train,3,28.585325241088867
1800,284.076894342,valid,0,20.037887573242188
1800,284.076894342,valid,1,19.516355514526367
1800,284.076894342,valid,2,19.477251052856445
1800,284.076894342,valid,3,28.58011245727539
1810,285.604532813,train,0,20.027179718017578
1810,285.604532813,train,1,19.505619049072266
1810,285.604532813,train,2,19.467195510864258
1810,285.604532813,train,3,28.57672119140625
1820,287.13148467499997,train,0,20.01516342163086
1820,287.13148467499997,train,1,19.493913650512695
1820,287.13148467499997,train,2,19.460376739501953
1820,287.13148467499997,train,3,28.575733184814453
1830,288.658941811,train,0,20.004819869995117
1830,288.658941811,train,1,19.4844970703125
1830,288.658941811,train,2,19.44266128540039
1830,288.658941811,train,3,28.574398040771484
1840,290.188047864,train,0,19.987815856933594
1840,290.188047864,train,1,19.468860626220703
1840,290.188047864,train,2,19.426464080810547
1840,290.188047864,train,3,28.588191986083984
1850,291.71452745299996,train,0,19.974376678466797
1850,291.71452745299996,train,1,19.452163696289062
1850,291.71452745299996,train,2,19.413848876953125
1850,291.71452745299996,train,3,28.56646728515625
1860,293.244036021,train,0,19.961942672729492
1860,293.244036021,train,1,19.441879272460938
1860,293.244036021,train,2,19.39435577392578
1860,293.244036021,train,3,28.573448181152344
1870,294.772362128,train,0,19.952945709228516
1870,294.772362128,train,1,19.42816162109375
1870,294.772362128,train,2,19.388975143432617
1870,294.772362128,train,3,28.544567108154297
1880,296.298796183,train,0,19.93927001953125
1880,296.298796183,train,1,19.41546630859375
1880,296.298796183,train,2,19.36765480041504
1880,296.298796183,train,3,28.513015747070312
1890,297.825577679,train,0,19.934200286865234
1890,297.825577679,train,1,19.40595817565918
1890,297.825577679,train,2,19.354785919189453
1890,297.825577679,train,3,28.564899444580078
1900,299.35551078599997,train,0,19.916149139404297
1900,299.35551078599997,train,1,19.392189025878906
1900,299.35551078599997,train,2,19.345176696777344
1900,299.35551078599997,train,3,28.511703491210938
1900,299.414646137,valid,0,19.91437530517578
1900,299.414646137,valid,1,19.390666961669922
1900,299.414646137,valid,2,19.342147827148438
1900,299.414646137,valid,3,28.52968978881836
1910,300.94450538,train,0,19.904010772705078
1910,300.94450538,train,1,19.381959915161133
1910,300.94450538,train,2,19.330339431762695
1910,300.94450538,train,3,28.52176856994629
1920,302.47305786,train,0,19.89110565185547
1920,302.47305786,train,1,19.37152099609375
1920,302.47305786,train,2,19.32113265991211
1920,302.47305786,train,3,28.56783103942871
1930,303.99974296299996,train,0,19.878517150878906
1930,303.99974296299996,train,1,19.35865020751953
1930,303.99974296299996,train,2,19.305618286132812
1930,303.99974296299996,train,3,28.538190841674805
1940,305.526962577,train,0,19.86520004272461
1940,305.526962577,train,1,19.341304779052734
1940,305.526962577,train,2,19.297136306762695
1940,305.526962577,train,3,28.543354034423828
1950,307.05720126899996,train,0,19.85506820678711
1950,307.05720126899996,train,1,19.325611114501953
1950,307.05720126899996,train,2,19.283435821533203
1950,307.05720126899996,train,3,28.49334716796875
1960,308.587747611,train,0,19.84317398071289
1960,308.587747611,train,1,19.31412124633789
1960,308.587747611,train,2,19.266578674316406
1960,308.587747611,train,3,28.483604431152344
1970,310.11541305699996,train,0,19.83196449279785
1970,310.11541305699996,train,1,19.302467346191406
1970,310.11541305699996,train,2,19.256175994873047
1970,310.11541305699996,train,3,28.511539459228516
1980,311.64637474799997,train,0,19.816364288330078
1980,311.64637474799997,train,1,19.291038513183594
1980,311.64637474799997,train,2,19.23941993713379
1980,311.64637474799997,train,3,28.520370483398438
1990,313.17477655299996,train,0,19.801366806030273
1990,313.17477655299996,train,1,19.27898597717285
1990,313.17477655299996,train,2,19.230680465698242
1990,313.17477655299996,train,3,28.471965789794922
2000,314.707025576,train,0,19.788433074951172
2000,314.707025576,train,1,19.266719818115234
2000,314.707025576,train,2,19.220537185668945
2000,314.707025576,train,3,28.4477481842041
2000,314.769097587,valid,0,19.786359786987305
2000,314.769097587,valid,1,19.264636993408203
2000,314.769097587,valid,2,19.220653533935547
2000,314.769097587,valid,3,28.490116119384766
2010,316.296162347,train,0,19.765506744384766
2010,316.296162347,train,1,19.254474639892578
2010,316.296162347,train,2,19.208240509033203
2010,316.296162347,train,3,28.515235900878906
2020,317.822687677,train,0,19.759939193725586
2020,317.822687677,train,1,19.24510383605957
2020,317.822687677,train,2,19.1906681060791
2020,317.822687677,train,3,28.511768341064453
2030,319.35152719399997,train,0,19.744365692138672
2030,319.35152719399997,train,1,19.22507667541504
2030,319.35152719399997,train,2,19.172203063964844
2030,319.35152719399997,train,3,28.492652893066406
2040,320.878905047,train,0,19.735153198242188
2040,320.878905047,train,1,19.221229553222656
2040,320.878905047,train,2,19.167783737182617
2040,320.878905047,train,3,28.496999740600586
2050,322.406679399,train,0,19.724212646484375
2050,322.406679399,train,1,19.206584930419922
2050,322.406679399,train,2,19.150619506835938
2050,322.406679399,train,3,28.413108825683594
2060,323.937871193,train,0,19.71072006225586
2060,323.937871193,train,1,19.194610595703125
2060,323.937871193,train,2,19.140483856201172
2060,323.937871193,train,3,28.359928131103516
2070,325.463539658,train,0,19.700305938720703
2070,325.463539658,train,1,19.186325073242188
2070,325.463539658,train,2,19.135543823242188
2070,325.463539658,train,3,28.414268493652344
2080,326.990811519,train,0,19.68742561340332
2080,326.990811519,train,1,19.177413940429688
2080,326.990811519,train,2,19.12622833251953
2080,326.990811519,train,3,28.461017608642578
2090,328.51885003499996,train,0,19.67211151123047
2090,328.51885003499996,train,1,19.164321899414062
2090,328.51885003499996,train,2,19.108203887939453
2090,328.51885003499996,train,3,28.389328002929688
2100,330.044163419,train,0,19.661006927490234
2100,330.044163419,train,1,19.153240203857422
2100,330.044163419,train,2,19.09856605529785
2100,330.044163419,train,3,28.452499389648438
2100,330.09973615399997,valid,0,19.660625457763672
2100,330.09973615399997,valid,1,19.151744842529297
2100,330.09973615399997,valid,2,19.095672607421875
2100,330.09973615399997,valid,3,28.40532684326172
2110,331.626044455,train,0,19.64696502685547
2110,331.626044455,train,1,19.14104461669922
2110,331.626044455,train,2,19.078630447387695
2110,331.626044455,train,3,28.37734603881836
2120,333.153820663,train,0,19.63674545288086
2120,333.153820663,train,1,19.1286563873291
2120,333.153820663,train,2,19.070724487304688
2120,333.153820663,train,3,28.387435913085938
2130,334.68209039699997,train,0,19.62267303466797
2130,334.68209039699997,train,1,19.11998748779297
2130,334.68209039699997,train,2,19.049468994140625
2130,334.68209039699997,train,3,28.367658615112305
2140,336.210885431,train,0,19.61252212524414
2140,336.210885431,train,1,19.110641479492188
2140,336.210885431,train,2,19.047224044799805
2140,336.210885431,train,3,28.35633087158203
2150,337.74177619,train,0,19.600948333740234
2150,337.74177619,train,1,19.09536361694336
2150,337.74177619,train,2,19.033390045166016
2150,337.74177619,train,3,28.423938751220703
2160,339.273317894,train,0,19.586973190307617
2160,339.273317894,train,1,19.087366104125977
2160,339.273317894,train,2,19.023509979248047
2160,339.273317894,train,3,28.264511108398438
2170,340.80175260799996,train,0,19.574356079101562
2170,340.80175260799996,train,1,19.07431411743164
2170,340.80175260799996,train,2,19.012603759765625
2170,340.80175260799996,train,3,28.300413131713867
2180,342.332471961,train,0,19.561283111572266
2180,342.332471961,train,1,19.067054748535156
2180,342.332471961,train,2,18.99307632446289
2180,342.332471961,train,3,28.395341873168945
2190,343.858516275,train,0,19.549009323120117
2190,343.858516275,train,1,19.05038833618164
2190,343.858516275,train,2,18.977296829223633
2190,343.858516275,train,3,28.361942291259766
2200,345.38402927,train,0,19.53807830810547
2200,345.38402927,train,1,19.039297103881836
2200,345.38402927,train,2,18.973533630371094
2200,345.38402927,train,3,28.250228881835938
2200,345.437690703,valid,0,19.536231994628906
2200,345.437690703,valid,1,19.038341522216797
2200,345.437690703,valid,2,18.970169067382812
2200,345.437690703,valid,3,28.302467346191406
2210,346.96673277599996,train,0,19.522930145263672
2210,346.96673277599996,train,1,19.031166076660156
2210,346.96673277599996,train,2,18.95986557006836
2210,346.96673277599996,train,3,28.30400848388672
2220,348.496165842,train,0,19.513023376464844
2220,348.496165842,train,1,19.019332885742188
2220,348.496165842,train,2,18.949058532714844
2220,348.496165842,train,3,28.33595085144043
2230,350.02759056099995,train,0,19.494482040405273
2230,350.02759056099995,train,1,19.007259368896484
2230,350.02759056099995,train,2,18.942195892333984
2230,350.02759056099995,train,3,28.329076766967773
2240,351.555028966,train,0,19.485580444335938
2240,351.555028966,train,1,18.996015548706055
2240,351.555028966,train,2,18.925983428955078
2240,351.555028966,train,3,28.354507446289062
2250,353.08128452299997,train,0,19.47040557861328
2250,353.08128452299997,train,1,18.984683990478516
2250,353.08128452299997,train,2,18.911624908447266
2250,353.08128452299997,train,3,28.21824073791504
2260,354.61364045799996,train,0,19.456438064575195
2260,354.61364045799996,train,1,18.969398498535156
2260,354.61364045799996,train,2,18.901912689208984
2260,354.61364045799996,train,3,28.356557846069336
2270,356.145142378,train,0,19.45563316345215
2270,356.145142378,train,1,18.964632034301758
2270,356.145142378,train,2,18.889236450195312
2270,356.145142378,train,3,28.311124801635742
2280,357.675659021,train,0,19.44085121154785
2280,357.675659021,train,1,18.954753875732422
2280,357.675659021,train,2,18.869304656982422
2280,357.675659021,train,3,28.242332458496094
2290,359.20330750899996,train,0,19.432037353515625
2290,359.20330750899996,train,1,18.943286895751953
2290,359.20330750899996,train,2,18.857635498046875
2290,359.20330750899996,train,3,28.303443908691406
2300,360.729139269,train,0,19.412673950195312
2300,360.729139269,train,1,18.92852783203125
2300,360.729139269,train,2,18.849323272705078
2300,360.729139269,train,3,28.185657501220703
2300,360.784978859,valid,0,19.412691116333008
2300,360.784978859,valid,1,18.927244186401367
2300,360.784978859,valid,2,18.846134185791016
2300,360.784978859,valid,3,28.153892517089844
2310,362.313809445,train,0,19.40060043334961
2310,362.313809445,train,1,18.92073631286621
2310,362.313809445,train,2,18.833303451538086
2310,362.313809445,train,3,28.27478790283203
2320,363.841538939,train,0,19.387104034423828
2320,363.841538939,train,1,18.910432815551758
2320,363.841538939,train,2,18.82907485961914
2320,363.841538939,train,3,28.288732528686523
2330,365.36850869799997,train,0,19.374229431152344
2330,365.36850869799997,train,1,18.895742416381836
2330,365.36850869799997,train,2,18.810104370117188
2330,365.36850869799997,train,3,28.272113800048828
2340,366.898409438,train,0,19.358110427856445
2340,366.898409438,train,1,18.880027770996094
2340,366.898409438,train,2,18.805866241455078
2340,366.898409438,train,3,28.234233856201172
2350,368.428461042,train,0,19.345815658569336
2350,368.428461042,train,1,18.873750686645508
2350,368.428461042,train,2,18.792407989501953
2350,368.428461042,train,3,28.198701858520508
2360,369.95586974599996,train,0,19.341514587402344
2360,369.95586974599996,train,1,18.864625930786133
2360,369.95586974599996,train,2,18.777362823486328
2360,369.95586974599996,train,3,28.215484619140625
2370,371.484934973,train,0,19.324077606201172
2370,371.484934973,train,1,18.853809356689453
2370,371.484934973,train,2,18.767065048217773
2370,371.484934973,train,3,28.15337371826172
2380,373.013318765,train,0,19.311548233032227
2380,373.013318765,train,1,18.840755462646484
2380,373.013318765,train,2,18.75485610961914
2380,373.013318765,train,3,28.164403915405273
2390,374.54444095499997,train,0,19.29779815673828
2390,374.54444095499997,train,1,18.835979461669922
2390,374.54444095499997,train,2,18.742074966430664
2390,374.54444095499997,train,3,28.29136848449707
2400,376.07109447799996,train,0,19.287582397460938
2400,376.07109447799996,train,1,18.826480865478516
2400,376.07109447799996,train,2,18.73090171813965
2400,376.07109447799996,train,3,28.23397445678711
2400,376.12836916199996,valid,0,19.286314010620117
2400,376.12836916199996,valid,1,18.824344635009766
2400,376.12836916199996,valid,2,18.730152130126953
2400,376.12836916199996,valid,3,28.234848022460938
2410,377.663583063,train,0,19.279972076416016
2410,377.663583063,train,1,18.81913948059082
2410,377.663583063,train,2,18.72132682800293
2410,377.663583063,train,3,28.164424896240234
2420,379.193031453,train,0,19.26721954345703
2420,379.193031453,train,1,18.80451011657715
2420,379.193031453,train,2,18.716398239135742
2420,379.193031453,train,3,28.122812271118164
2430,380.72132874199997,train,0,19.259349822998047
2430,380.72132874199997,train,1,18.796531677246094
2430,380.72132874199997,train,2,18.704395294189453
2430,380.72132874199997,train,3,28.106842041015625
2440,382.252376826,train,0,19.24468231201172
2440,382.252376826,train,1,18.78520393371582
2440,382.252376826,train,2,18.687442779541016
2440,382.252376826,train,3,28.21636390686035
2450,383.781363053,train,0,19.22967529296875
2450,383.781363053,train,1,18.772947311401367
2450,383.781363053,train,2,18.676076889038086
2450,383.781363053,train,3,28.142963409423828
2460,385.30942480299996,train,0,19.21935272216797
2460,385.30942480299996,train,1,18.765687942504883
2460,385.30942480299996,train,2,18.662052154541016
2460,385.30942480299996,train,3,28.091028213500977
2470,386.835953318,train,0,19.211589813232422
2470,386.835953318,train,1,18.760799407958984
2470,386.835953318,train,2,18.6533203125
2470,386.835953318,train,3,28.12490463256836
2480,388.365928875,train,0,19.19516372680664
2480,388.365928875,train,1,18.7469482421875
2480,388.365928875,train,2,18.64004898071289
2480,388.365928875,train,3,28.10708999633789
2490,389.893675569,train,0,19.188825607299805
2490,389.893675569,train,1,18.732486724853516
2490,389.893675569,train,2,18.62142562866211
2490,389.893675569,train,3,28.06383514404297
2500,391.41949423799997,train,0,19.178810119628906
2500,391.41949423799997,train,1,18.719846725463867
2500,391.41949423799997,train,2,18.618436813354492
2500,391.41949423799997,train,3,28.147510528564453
2500,391.476036209,valid,0,19.17792510986328
2500,391.476036209,valid,1,18.719135284423828
2500,391.476036209,valid,2,18.619253158569336
2500,391.476036209,valid,3,28.181699752807617
2510,393.004047115,train,0,19.166545867919922
2510,393.004047115,train,1,18.715255737304688
2510,393.004047115,train,2,18.607755661010742
2510,393.004047115,train,3,28.066972732543945
2520,394.533881588,train,0,19.156986236572266
2520,394.533881588,train,1,18.705333709716797
2520,394.533881588,train,2,18.597824096679688
2520,394.533881588,train,3,28.186941146850586
2530,396.065118751,train,0,19.13958740234375
2530,396.065118751,train,1,18.694002151489258
2530,396.065118751,train,2,18.58441925048828
2530,396.065118751,train,3,28.115615844726562
2540,397.59332186,train,0,19.134540557861328
2540,397.59332186,train,1,18.690509796142578
2540,397.59332186,train,2,18.564422607421875
2540,397.59332186,train,3,28.04488182067871
2550,399.121815061,train,0,19.122228622436523
2550,399.121815061,train,1,18.682491302490234
2550,399.121815061,train,2,18.556732177734375
2550,399.121815061,train,3,28.074180603027344
2560,400.648659953,train,0,19.10526466369629
2560,400.648659953,train,1,18.665241241455078
2560,400.648659953,train,2,18.537742614746094
2560,400.648659953,train,3,28.077919006347656
2570,402.178717754,train,0,19.09388542175293
2570,402.178717754,train,1,18.659982681274414
2570,402.178717754,train,2,18.534503936767578
2570,402.178717754,train,3,28.057889938354492
2580,403.70653827,train,0,19.08317756652832
2580,403.70653827,train,1,18.650630950927734
2580,403.70653827,train,2,18.52843475341797
2580,403.70653827,train,3,28.017597198486328
2590,405.23763886899997,train,0,19.071624755859375
2590,405.23763886899997,train,1,18.6370849609375
2590,405.23763886899997,train,2,18.5225772857666
2590,405.23763886899997,train,3,28.07145881652832
2600,406.769530058,train,0,19.063913345336914
2600,406.769530058,train,1,18.629377365112305
2600,406.769530058,train,2,18.495052337646484
2600,406.769530058,train,3,28.1126766204834
2600,406.82635117399997,valid,0,19.062686920166016
2600,406.82635117399997,valid,1,18.629207611083984
2600,406.82635117399997,valid,2,18.493526458740234
2600,406.82635117399997,valid,3,28.085607528686523
2610,408.35615783699996,train,0,19.05135726928711
2610,408.35615783699996,train,1,18.615169525146484
2610,408.35615783699996,train,2,18.50229263305664
2610,408.35615783699996,train,3,28.029338836669922
2620,409.886115986,train,0,19.030879974365234
2620,409.886115986,train,1,18.60102081298828
2620,409.886115986,train,2,18.490005493164062
2620,409.886115986,train,3,28.057249069213867
2630,411.41548047699996,train,0,19.028087615966797
2630,411.41548047699996,train,1,18.59604263305664
2630,411.41548047699996,train,2,18.464691162109375
2630,411.41548047699996,train,3,27.91338348388672
2640,412.94391731999997,train,0,19.017921447753906
2640,412.94391731999997,train,1,18.588699340820312
2640,412.94391731999997,train,2,18.46097755432129
2640,412.94391731999997,train,3,28.0788516998291
2650,414.469612509,train,0,19.00063705444336
2650,414.469612509,train,1,18.5768985748291
2650,414.469612509,train,2,18.45880126953125
2650,414.469612509,train,3,27.99578094482422
2660,415.99500672799996,train,0,18.99179458618164
2660,415.99500672799996,train,1,18.568387985229492
2660,415.99500672799996,train,2,18.452808380126953
2660,415.99500672799996,train,3,27.950345993041992
2670,417.525812116,train,0,18.980022430419922
2670,417.525812116,train,1,18.5626220703125
2670,417.525812116,train,2,18.435707092285156
2670,417.525812116,train,3,27.909093856811523
2680,419.05394077,train,0,18.96405029296875
2680,419.05394077,train,1,18.552608489990234
2680,419.05394077,train,2,18.425033569335938
2680,419.05394077,train,3,27.997787475585938
2690,420.582749498,train,0,18.95669937133789
2690,420.582749498,train,1,18.541624069213867
2690,420.582749498,train,2,18.41104507446289
2690,420.582749498,train,3,27.99429702758789
2700,422.111521095,train,0,18.945695877075195
2700,422.111521095,train,1,18.5322208404541
2700,422.111521095,train,2,18.40717315673828
2700,422.111521095,train,3,27.964336395263672
2700,422.17051936499996,valid,0,18.943191528320312
2700,422.17051936499996,valid,1,18.53199577331543
2700,422.17051936499996,valid,2,18.406402587890625
2700,422.17051936499996,valid,3,27.946613311767578
2710,423.703310166,train,0,18.937410354614258
2710,423.703310166,train,1,18.52660369873047
2710,423.703310166,train,2,18.399003982543945
2710,423.703310166,train,3,27.936206817626953
2720,425.22958040099996,train,0,18.926952362060547
2720,425.22958040099996,train,1,18.515077590942383
2720,425.22958040099996,train,2,18.39052391052246
2720,425.22958040099996,train,3,27.984848022460938
2730,426.757195122,train,0,18.91552734375
2730,426.757195122,train,1,18.508010864257812
2730,426.757195122,train,2,18.37964630126953
2730,426.757195122,train,3,27.97456169128418
2740,428.28706428699996,train,0,18.90184783935547
2740,428.28706428699996,train,1,18.495288848876953
2740,428.28706428699996,train,2,18.368209838867188
2740,428.28706428699996,train,3,27.96430206298828
2750,429.81711056399996,train,0,18.901103973388672
2750,429.81711056399996,train,1,18.4823055267334
2750,429.81711056399996,train,2,18.351360321044922
2750,429.81711056399996,train,3,27.85265350341797
2760,431.34666281399996,train,0,18.882347106933594
2760,431.34666281399996,train,1,18.48019790649414
2760,431.34666281399996,train,2,18.342060089111328
2760,431.34666281399996,train,3,27.953638076782227
2770,432.87233112499996,train,0,18.870960235595703
2770,432.87233112499996,train,1,18.468246459960938
2770,432.87233112499996,train,2,18.33920669555664
2770,432.87233112499996,train,3,27.90610122680664
2780,434.400246037,train,0,18.866220474243164
2780,434.400246037,train,1,18.468048095703125
2780,434.400246037,train,2,18.324438095092773
2780,434.400246037,train,3,27.93805694580078
2790,435.927878929,train,0,18.848098754882812
2790,435.927878929,train,1,18.451061248779297
2790,435.927878929,train,2,18.31708335876465
2790,435.927878929,train,3,27.80966567993164
2800,437.456766216,train,0,18.842554092407227
2800,437.456766216,train,1,18.44305419921875
2800,437.456766216,train,2,18.30144500732422
2800,437.456766216,train,3,27.888307571411133
2800,437.515801093,valid,0,18.84387969970703
2800,437.515801093,valid,1,18.44464874267578
2800,437.515801093,valid,2,18.302837371826172
2800,437.515801093,valid,3,27.885101318359375
2810,439.043040218,train,0,18.834178924560547
2810,439.043040218,train,1,18.4338436126709
2810,439.043040218,train,2,18.309337615966797
2810,439.043040218,train,3,27.85384750366211
2820,440.572940571,train,0,18.820751190185547
2820,440.572940571,train,1,18.426668167114258
2820,440.572940571,train,2,18.295169830322266
2820,440.572940571,train,3,27.84804916381836
2830,442.100360816,train,0,18.812789916992188
2830,442.100360816,train,1,18.419740676879883
2830,442.100360816,train,2,18.281455993652344
2830,442.100360816,train,3,27.913389205932617
2840,443.629613503,train,0,18.80050277709961
2840,443.629613503,train,1,18.40479278564453
2840,443.629613503,train,2,18.25990867614746
2840,443.629613503,train,3,27.87508201599121
2850,445.15800565,train,0,18.79456329345703
2850,445.15800565,train,1,18.40314292907715
2850,445.15800565,train,2,18.255346298217773
2850,445.15800565,train,3,27.83413314819336
2860,446.68637644,train,0,18.782909393310547
2860,446.68637644,train,1,18.39318084716797
2860,446.68637644,train,2,18.245790481567383
2860,446.68637644,train,3,27.944576263427734
2870,448.216814661,train,0,18.76513671875
2870,448.216814661,train,1,18.381996154785156
2870,448.216814661,train,2,18.2274112701416
2870,448.216814661,train,3,27.8250732421875
2880,449.746167469,train,0,18.759540557861328
2880,449.746167469,train,1,18.37838363647461
2880,449.746167469,train,2,18.2227783203125
2880,449.746167469,train,3,27.759403228759766
2890,451.275751926,train,0,18.750438690185547
2890,451.275751926,train,1,18.368106842041016
2890,451.275751926,train,2,18.218441009521484
2890,451.275751926,train,3,27.76941680908203
2900,452.80325674899996,train,0,18.740768432617188
2900,452.80325674899996,train,1,18.358482360839844
2900,452.80325674899996,train,2,18.205699920654297
2900,452.80325674899996,train,3,27.809612274169922
2900,452.860695932,valid,0,18.74124526977539
2900,452.860695932,valid,1,18.35771369934082
2900,452.860695932,valid,2,18.20402717590332
2900,452.860695932,valid,3,27.737293243408203
2910,454.38966510899996,train,0,18.73158073425293
2910,454.38966510899996,train,1,18.35430908203125
2910,454.38966510899996,train,2,18.19479751586914
2910,454.38966510899996,train,3,27.85809326171875
2920,455.92054837,train,0,18.724048614501953
2920,455.92054837,train,1,18.34709358215332
2920,455.92054837,train,2,18.18874740600586
2920,455.92054837,train,3,27.769287109375
2930,457.447683869,train,0,18.720001220703125
2930,457.447683869,train,1,18.333656311035156
2930,457.447683869,train,2,18.188182830810547
2930,457.447683869,train,3,27.924850463867188
2940,458.974723026,train,0,18.704477310180664
2940,458.974723026,train,1,18.32796859741211
2940,458.974723026,train,2,18.175010681152344
2940,458.974723026,train,3,27.889896392822266
2950,460.500183484,train,0,18.6906795501709
2950,460.500183484,train,1,18.31883430480957
2950,460.500183484,train,2,18.159852981567383
2950,460.500183484,train,3,27.770538330078125
2960,462.026343484,train,0,18.6790714263916
2960,462.026343484,train,1,18.303791046142578
2960,462.026343484,train,2,18.147680282592773
2960,462.026343484,train,3,27.806493759155273
2970,463.555868015,train,0,18.67169952392578
2970,463.555868015,train,1,18.30029296875
2970,463.555868015,train,2,18.145854949951172
2970,463.555868015,train,3,27.819604873657227
2980,465.084092147,train,0,18.65924835205078
2980,465.084092147,train,1,18.292987823486328
2980,465.084092147,train,2,18.140357971191406
2980,465.084092147,train,3,27.859081268310547
2990,466.61114822599995,train,0,18.649887084960938
2990,466.61114822599995,train,1,18.28274154663086
2990,466.61114822599995,train,2,18.133243560791016
2990,466.61114822599995,train,3,27.722530364990234
3000,468.139099731,train,0,18.646018981933594
3000,468.139099731,train,1,18.27838134765625
3000,468.139099731,train,2,18.122230529785156
3000,468.139099731,train,3,27.704086303710938
3000,468.20021026399996,valid,0,18.641313552856445
3000,468.20021026399996,valid,1,18.277490615844727
3000,468.20021026399996,valid,2,18.123043060302734
3000,468.20021026399996,valid,3,27.72751235961914
3010,469.73211732,train,0,18.629959106445312
3010,469.73211732,train,1,18.270301818847656
3010,469.73211732,train,2,18.09359359741211
3010,469.73211732,train,3,27.710691452026367
3020,471.260527628,train,0,18.62131118774414
3020,471.260527628,train,1,18.262054443359375
3020,471.260527628,train,2,18.087444305419922
3020,471.260527628,train,3,27.74359893798828
3030,472.78852257399996,train,0,18.60965919494629
3030,472.78852257399996,train,1,18.252016067504883
3030,472.78852257399996,train,2,18.087644577026367
3030,472.78852257399996,train,3,27.681779861450195
3040,474.31742098399997,train,0,18.606430053710938
3040,474.31742098399997,train,1,18.245227813720703
3040,474.31742098399997,train,2,18.082792282104492
3040,474.31742098399997,train,3,27.681655883789062
3050,475.847853216,train,0,18.596050262451172
3050,475.847853216,train,1,18.24201011657715
3050,475.847853216,train,2,18.070026397705078
3050,475.847853216,train,3,27.81136703491211
3060,477.37417577599996,train,0,18.583843231201172
3060,477.37417577599996,train,1,18.231422424316406
3060,477.37417577599996,train,2,18.066030502319336
3060,477.37417577599996,train,3,27.676376342773438
3070,478.90335082499996,train,0,18.570098876953125
3070,478.90335082499996,train,1,18.220447540283203
3070,478.90335082499996,train,2,18.050949096679688
3070,478.90335082499996,train,3,27.71786880493164
3080,480.431701817,train,0,18.557483673095703
3080,480.431701817,train,1,18.21539306640625
3080,480.431701817,train,2,18.049421310424805
3080,480.431701817,train,3,27.685348510742188
3090,481.961056462,train,0,18.556865692138672
3090,481.961056462,train,1,18.213542938232422
3090,481.961056462,train,2,18.021493911743164
3090,481.961056462,train,3,27.645540237426758
3100,483.489938004,train,0,18.53205108642578
3100,483.489938004,train,1,18.199115753173828
3100,483.489938004,train,2,18.026351928710938
3100,483.489938004,train,3,27.771032333374023
3100,483.552078757,valid,0,18.53666877746582
3100,483.552078757,valid,1,18.199432373046875
3100,483.552078757,valid,2,18.024709701538086
3100,483.552078757,valid,3,27.836383819580078
3110,485.083387578,train,0,18.52951431274414
3110,485.083387578,train,1,18.194847106933594
3110,485.083387578,train,2,18.014352798461914
3110,485.083387578,train,3,27.635541915893555
3120,486.609319358,train,0,18.51065444946289
3120,486.609319358,train,1,18.186424255371094
3120,486.609319358,train,2,18.00634765625
3120,486.609319358,train,3,27.67005729675293
3130,488.136157002,train,0,18.50250244140625
3130,488.136157002,train,1,18.173385620117188
3130,488.136157002,train,2,17.995141983032227
3130,488.136157002,train,3,27.620601654052734
3140,489.66398559199996,train,0,18.485549926757812
3140,489.66398559199996,train,1,18.162857055664062
3140,489.66398559199996,train,2,17.989765167236328
3140,489.66398559199996,train,3,27.671510696411133
3150,491.191797614,train,0,18.488265991210938
3150,491.191797614,train,1,18.160663604736328
3150,491.191797614,train,2,17.982147216796875
3150,491.191797614,train,3,27.607158660888672
3160,492.719521528,train,0,18.479719161987305
3160,492.719521528,train,1,18.148887634277344
3160,492.719521528,train,2,17.9910888671875
3160,492.719521528,train,3,27.58913803100586
3170,494.247410884,train,0,18.45819091796875
3170,494.247410884,train,1,18.137134552001953
3170,494.247410884,train,2,17.969890594482422
3170,494.247410884,train,3,27.573081970214844
3180,495.778012394,train,0,18.457239151000977
3180,495.778012394,train,1,18.13001823425293
3180,495.778012394,train,2,17.95463752746582
3180,495.778012394,train,3,27.815662384033203
3190,497.309350404,train,0,18.4580078125
3190,497.309350404,train,1,18.12510871887207
3190,497.309350404,train,2,17.944095611572266
3190,497.309350404,train,3,27.649887084960938
3200,498.84097816999997,train,0,18.435678482055664
3200,498.84097816999997,train,1,18.113027572631836
3200,498.84097816999997,train,2,17.933391571044922
3200,498.84097816999997,train,3,27.591552734375
3200,498.89903935999996,valid,0,18.434106826782227
3200,498.89903935999996,valid,1,18.11050796508789
3200,498.89903935999996,valid,2,17.932987213134766
3200,498.89903935999996,valid,3,27.51813507080078
3210,500.42836612599996,train,0,18.42359161376953
3210,500.42836612599996,train,1,18.10481071472168
3210,500.42836612599996,train,2,17.92093276977539
3210,500.42836612599996,train,3,27.627710342407227
3220,501.957902393,train,0,18.416046142578125
3220,501.957902393,train,1,18.100040435791016
3220,501.957902393,train,2,17.91762351989746
3220,501.957902393,train,3,27.609928131103516
3230,503.48821981099996,train,0,18.407718658447266
3230,503.48821981099996,train,1,18.093225479125977
3230,503.48821981099996,train,2,17.905624389648438
3230,503.48821981099996,train,3,27.543834686279297
3240,505.01726609299993,train,0,18.40479278564453
3240,505.01726609299993,train,1,18.08649444580078
3240,505.01726609299993,train,2,17.919208526611328
3240,505.01726609299993,train,3,27.571815490722656
3250,506.54605482999995,train,0,18.38915252685547
3250,506.54605482999995,train,1,18.080032348632812
3250,506.54605482999995,train,2,17.884742736816406
3250,506.54605482999995,train,3,27.51974105834961
3260,508.072922292,train,0,18.382083892822266
3260,508.072922292,train,1,18.069347381591797
3260,508.072922292,train,2,17.88015365600586
3260,508.072922292,train,3,27.736082077026367
3270,509.600465896,train,0,18.38465118408203
3270,509.600465896,train,1,18.07146453857422
3270,509.600465896,train,2,17.88140106201172
3270,509.600465896,train,3,27.589506149291992
3280,511.13064050199995,train,0,18.360279083251953
3280,511.13064050199995,train,1,18.060707092285156
3280,511.13064050199995,train,2,17.857440948486328
3280,511.13064050199995,train,3,27.446561813354492
3290,512.6611765250001,train,0,18.351882934570312
3290,512.6611765250001,train,1,18.052383422851562
3290,512.6611765250001,train,2,17.855615615844727
3290,512.6611765250001,train,3,27.574718475341797
3300,514.187467315,train,0,18.344484329223633
3300,514.187467315,train,1,18.03973388671875
3300,514.187467315,train,2,17.834680557250977
3300,514.187467315,train,3,27.589731216430664
3300,514.24697255,valid,0,18.345165252685547
3300,514.24697255,valid,1,18.04117202758789
3300,514.24697255,valid,2,17.84101104736328
3300,514.24697255,valid,3,27.608951568603516
3310,515.774582743,train,0,18.340177536010742
3310,515.774582743,train,1,18.037778854370117
3310,515.774582743,train,2,17.843189239501953
3310,515.774582743,train,3,27.589038848876953
3320,517.301445262,train,0,18.327482223510742
3320,517.301445262,train,1,18.03063201904297
3320,517.301445262,train,2,17.838523864746094
3320,517.301445262,train,3,27.636245727539062
3330,518.827954317,train,0,18.32973289489746
3330,518.827954317,train,1,18.022891998291016
3330,518.827954317,train,2,17.82394027709961
3330,518.827954317,train,3,27.466949462890625
3340,520.35644876,train,0,18.31728172302246
3340,520.35644876,train,1,18.014141082763672
3340,520.35644876,train,2,17.802087783813477
3340,520.35644876,train,3,27.410953521728516
3350,521.8851491710001,train,0,18.30579376220703
3350,521.8851491710001,train,1,18.0042724609375
3350,521.8851491710001,train,2,17.810609817504883
3350,521.8851491710001,train,3,27.558002471923828
3360,523.4141528360001,train,0,18.2869873046875
3360,523.4141528360001,train,1,17.99756622314453
3360,523.4141528360001,train,2,17.800617218017578
3360,523.4141528360001,train,3,27.65949249267578
3370,524.942992739,train,0,18.2846736907959
3370,524.942992739,train,1,17.988842010498047
3370,524.942992739,train,2,17.794750213623047
3370,524.942992739,train,3,27.440006256103516
3380,526.468837355,train,0,18.275585174560547
3380,526.468837355,train,1,17.981557846069336
3380,526.468837355,train,2,17.777042388916016
3380,526.468837355,train,3,27.481815338134766
3390,527.995155798,train,0,18.264755249023438
3390,527.995155798,train,1,17.97287368774414
3390,527.995155798,train,2,17.774032592773438
3390,527.995155798,train,3,27.60343360900879
3400,529.522971645,train,0,18.25528907775879
3400,529.522971645,train,1,17.964723587036133
3400,529.522971645,train,2,17.774005889892578
3400,529.522971645,train,3,27.509265899658203
3400,529.586563434,valid,0,18.257503509521484
3400,529.586563434,valid,1,17.96579933166504
3400,529.586563434,valid,2,17.769445419311523
3400,529.586563434,valid,3,27.29090118408203
3410,531.1155152810001,train,0,18.24332046508789
3410,531.1155152810001,train,1,17.956768035888672
3410,531.1155152810001,train,2,17.76772689819336
3410,531.1155152810001,train,3,27.52281379699707
3420,532.6442137820001,train,0,18.235904693603516
3420,532.6442137820001,train,1,17.953792572021484
3420,532.6442137820001,train,2,17.75753402709961
3420,532.6442137820001,train,3,27.493125915527344
3430,534.1720445660001,train,0,18.230804443359375
3430,534.1720445660001,train,1,17.946130752563477
3430,534.1720445660001,train,2,17.753204345703125
3430,534.1720445660001,train,3,27.495412826538086
3440,535.69947916,train,0,18.212413787841797
3440,535.69947916,train,1,17.932987213134766
3440,535.69947916,train,2,17.744274139404297
3440,535.69947916,train,3,27.586740493774414
3450,537.22665266,train,0,18.209083557128906
3450,537.22665266,train,1,17.92768096923828
3450,537.22665266,train,2,17.74094009399414
3450,537.22665266,train,3,27.500972747802734
3460,538.755112541,train,0,18.197105407714844
3460,538.755112541,train,1,17.924413681030273
3460,538.755112541,train,2,17.713640213012695
3460,538.755112541,train,3,27.34103775024414
3470,540.284580514,train,0,18.18486976623535
3470,540.284580514,train,1,17.912805557250977
3470,540.284580514,train,2,17.721406936645508
3470,540.284580514,train,3,27.413745880126953
3480,541.8134235,train,0,18.17984962463379
3480,541.8134235,train,1,17.910320281982422
3480,541.8134235,train,2,17.705013275146484
3480,541.8134235,train,3,27.391475677490234
3490,543.338997371,train,0,18.172426223754883
3490,543.338997371,train,1,17.904842376708984
3490,543.338997371,train,2,17.699804306030273
3490,543.338997371,train,3,27.440706253051758
3500,544.865492527,train,0,18.15839958190918
3500,544.865492527,train,1,17.896442413330078
3500,544.865492527,train,2,17.703758239746094
3500,544.865492527,train,3,27.460533142089844
3500,544.92426531,valid,0,18.15877914428711
3500,544.92426531,valid,1,17.897171020507812
3500,544.92426531,valid,2,17.70315933227539
3500,544.92426531,valid,3,27.405010223388672
3510,546.452633726,train,0,18.147567749023438
3510,546.452633726,train,1,17.88901138305664
3510,546.452633726,train,2,17.689956665039062
3510,546.452633726,train,3,27.451614379882812
3520,547.9812108560001,train,0,18.13852310180664
3520,547.9812108560001,train,1,17.88332748413086
3520,547.9812108560001,train,2,17.677736282348633
3520,547.9812108560001,train,3,27.251285552978516
3530,549.5081927,train,0,18.126789093017578
3530,549.5081927,train,1,17.87809944152832
3530,549.5081927,train,2,17.67436408996582
3530,549.5081927,train,3,27.448192596435547
3540,551.0350436030001,train,0,18.113773345947266
3540,551.0350436030001,train,1,17.86996078491211
3540,551.0350436030001,train,2,17.671798706054688
3540,551.0350436030001,train,3,27.561195373535156
3550,552.565460218,train,0,18.11564064025879
3550,552.565460218,train,1,17.861263275146484
3550,552.565460218,train,2,17.66616439819336
3550,552.565460218,train,3,27.38304901123047
3560,554.0944957060001,train,0,18.097719192504883
3560,554.0944957060001,train,1,17.850088119506836
3560,554.0944957060001,train,2,17.651615142822266
3560,554.0944957060001,train,3,27.290292739868164
3570,555.621240228,train,0,18.10208511352539
3570,555.621240228,train,1,17.843793869018555
3570,555.621240228,train,2,17.641761779785156
3570,555.621240228,train,3,27.428564071655273
3580,557.149007749,train,0,18.091358184814453
3580,557.149007749,train,1,17.841670989990234
3580,557.149007749,train,2,17.635698318481445
3580,557.149007749,train,3,27.424030303955078
3590,558.675744826,train,0,18.0911922454834
3590,558.675744826,train,1,17.843582153320312
3590,558.675744826,train,2,17.6464786529541
3590,558.675744826,train,3,27.369979858398438
3600,560.202975378,train,0,18.073444366455078
3600,560.202975378,train,1,17.827421188354492
3600,560.202975378,train,2,17.62503433227539
3600,560.202975378,train,3,27.380508422851562
3600,560.261878795,valid,0,18.07558822631836
3600,560.261878795,valid,1,17.826698303222656
3600,560.261878795,valid,2,17.630931854248047
3600,560.261878795,valid,3,27.32415771484375
3610,561.791591432,train,0,18.0706844329834
3610,561.791591432,train,1,17.827354431152344
3610,561.791591432,train,2,17.641677856445312
3610,561.791591432,train,3,27.42916488647461
3620,563.318379067,train,0,18.073169708251953
3620,563.318379067,train,1,17.824111938476562
3620,563.318379067,train,2,17.619813919067383
3620,563.318379067,train,3,27.37968635559082
3630,564.8454779790001,train,0,18.064050674438477
3630,564.8454779790001,train,1,17.810264587402344
3630,564.8454779790001,train,2,17.59345817565918
3630,564.8454779790001,train,3,27.327816009521484
3640,566.372636097,train,0,18.048812866210938
3640,566.372636097,train,1,17.807064056396484
3640,566.372636097,train,2,17.603981018066406
3640,566.372636097,train,3,27.425006866455078
3650,567.8990655140001,train,0,18.036941528320312
3650,567.8990655140001,train,1,17.80246353149414
3650,567.8990655140001,train,2,17.591670989990234
3650,567.8990655140001,train,3,27.465911865234375
3660,569.427169607,train,0,18.033411026000977
3660,569.427169607,train,1,17.797883987426758
3660,569.427169607,train,2,17.581100463867188
3660,569.427169607,train,3,27.233280181884766
3670,570.955655687,train,0,18.014545440673828
3670,570.955655687,train,1,17.78598403930664
3670,570.955655687,train,2,17.57989501953125
3670,570.955655687,train,3,27.393600463867188
3680,572.488137694,train,0,18.00789451599121
3680,572.488137694,train,1,17.78427505493164
3680,572.488137694,train,2,17.554115295410156
3680,572.488137694,train,3,27.261808395385742
3690,574.0153855120001,train,0,18.00147247314453
3690,574.0153855120001,train,1,17.77849769592285
3690,574.0153855120001,train,2,17.560392379760742
3690,574.0153855120001,train,3,27.304899215698242
3700,575.543719847,train,0,18.002376556396484
3700,575.543719847,train,1,17.771076202392578
3700,575.543719847,train,2,17.546323776245117
3700,575.543719847,train,3,27.346027374267578
3700,575.59726299,valid,0,17.993764877319336
3700,575.59726299,valid,1,17.768943786621094
3700,575.59726299,valid,2,17.54436492919922
3700,575.59726299,valid,3,27.347820281982422
3710,577.1223099700001,train,0,17.9886417388916
3710,577.1223099700001,train,1,17.766386032104492
3710,577.1223099700001,train,2,17.555912017822266
3710,577.1223099700001,train,3,27.37944221496582
3720,578.651725129,train,0,17.97396469116211
3720,578.651725129,train,1,17.756969451904297
3720,578.651725129,train,2,17.527441024780273
3720,578.651725129,train,3,27.34360122680664
3730,580.1817278870001,train,0,17.97020721435547
3730,580.1817278870001,train,1,17.75224494934082
3730,580.1817278870001,train,2,17.524324417114258
3730,580.1817278870001,train,3,27.267135620117188
3740,581.7091116820001,train,0,17.959911346435547
3740,581.7091116820001,train,1,17.744707107543945
3740,581.7091116820001,train,2,17.517742156982422
3740,581.7091116820001,train,3,27.36458396911621
3750,583.237666172,train,0,17.955860137939453
3750,583.237666172,train,1,17.737144470214844
3750,583.237666172,train,2,17.5201358795166
3750,583.237666172,train,3,27.41250991821289
3760,584.7647518040001,train,0,17.946182250976562
3760,584.7647518040001,train,1,17.73366928100586
3760,584.7647518040001,train,2,17.511377334594727
3760,584.7647518040001,train,3,27.261432647705078
3770,586.2915497470001,train,0,17.93014907836914
3770,586.2915497470001,train,1,17.727920532226562
3770,586.2915497470001,train,2,17.491666793823242
3770,586.2915497470001,train,3,27.454862594604492
3780,587.8211439830001,train,0,17.936128616333008
3780,587.8211439830001,train,1,17.721263885498047
3780,587.8211439830001,train,2,17.493377685546875
3780,587.8211439830001,train,3,27.252540588378906
3790,589.349658575,train,0,17.921184539794922
3790,589.349658575,train,1,17.716060638427734
3790,589.349658575,train,2,17.489910125732422
3790,589.349658575,train,3,27.35745620727539
3800,590.879240309,train,0,17.914724349975586
3800,590.879240309,train,1,17.70886993408203
3800,590.879240309,train,2,17.471988677978516
3800,590.879240309,train,3,27.35064125061035
3800,590.937615624,valid,0,17.913618087768555
3800,590.937615624,valid,1,17.70694351196289
3800,590.937615624,valid,2,17.477149963378906
3800,590.937615624,valid,3,27.193294525146484
3810,592.463440983,train,0,17.907133102416992
3810,592.463440983,train,1,17.704113006591797
3810,592.463440983,train,2,17.46688461303711
3810,592.463440983,train,3,27.30734634399414
3820,593.992276905,train,0,17.89763069152832
3820,593.992276905,train,1,17.693944931030273
3820,593.992276905,train,2,17.467967987060547
3820,593.992276905,train,3,27.317138671875
3830,595.5201613,train,0,17.89423370361328
3830,595.5201613,train,1,17.689422607421875
3830,595.5201613,train,2,17.459819793701172
3830,595.5201613,train,3,27.308074951171875
3840,597.051428759,train,0,17.884023666381836
3840,597.051428759,train,1,17.687759399414062
3840,597.051428759,train,2,17.464303970336914
3840,597.051428759,train,3,27.46987533569336
3850,598.580075864,train,0,17.88216209411621
3850,598.580075864,train,1,17.68955421447754
3850,598.580075864,train,2,17.440959930419922
3850,598.580075864,train,3,27.428668975830078
3860,600.108772097,train,0,17.871152877807617
3860,600.108772097,train,1,17.680419921875
3860,600.108772097,train,2,17.43976402282715
3860,600.108772097,train,3,27.258689880371094
3870,601.6344746320001,train,0,17.854015350341797
3870,601.6344746320001,train,1,17.666080474853516
3870,601.6344746320001,train,2,17.431535720825195
3870,601.6344746320001,train,3,27.331890106201172
3880,603.161912643,train,0,17.851497650146484
3880,603.161912643,train,1,17.664609909057617
3880,603.161912643,train,2,17.429790496826172
3880,603.161912643,train,3,27.430233001708984
3890,604.6906748260001,train,0,17.845849990844727
3890,604.6906748260001,train,1,17.660017013549805
3890,604.6906748260001,train,2,17.413238525390625
3890,604.6906748260001,train,3,27.320484161376953
3900,606.2214640530001,train,0,17.84638023376465
3900,606.2214640530001,train,1,17.655963897705078
3900,606.2214640530001,train,2,17.40780258178711
3900,606.2214640530001,train,3,27.418302536010742
3900,606.2834407500001,valid,0,17.846981048583984
3900,606.2834407500001,valid,1,17.651954650878906
3900,606.2834407500001,valid,2,17.40906524658203
3900,606.2834407500001,valid,3,27.413070678710938
3910,607.811640674,train,0,17.83676528930664
3910,607.811640674,train,1,17.648374557495117
3910,607.811640674,train,2,17.40258026123047
3910,607.811640674,train,3,27.283458709716797
3920,609.3377968110001,train,0,17.833669662475586
3920,609.3377968110001,train,1,17.645061492919922
3920,609.3377968110001,train,2,17.395902633666992
3920,609.3377968110001,train,3,27.27566146850586
3930,610.864600053,train,0,17.828462600708008
3930,610.864600053,train,1,17.644371032714844
3930,610.864600053,train,2,17.400808334350586
3930,610.864600053,train,3,27.113927841186523
3940,612.392425213,train,0,17.814481735229492
3940,612.392425213,train,1,17.62975311279297
3940,612.392425213,train,2,17.39244842529297
3940,612.392425213,train,3,27.246753692626953
3950,613.922300157,train,0,17.797866821289062
3950,613.922300157,train,1,17.62664031982422
3950,613.922300157,train,2,17.37305450439453
3950,613.922300157,train,3,27.136627197265625
3960,615.450930457,train,0,17.80171012878418
3960,615.450930457,train,1,17.626785278320312
3960,615.450930457,train,2,17.37374496459961
3960,615.450930457,train,3,27.24917984008789
3970,616.9809680320001,train,0,17.79131317138672
3970,616.9809680320001,train,1,17.620176315307617
3970,616.9809680320001,train,2,17.36153793334961
3970,616.9809680320001,train,3,27.151134490966797
3980,618.508731943,train,0,17.78002166748047
3980,618.508731943,train,1,17.610816955566406
3980,618.508731943,train,2,17.356060028076172
3980,618.508731943,train,3,27.156709671020508
3990,620.0377162130001,train,0,17.77273178100586
3990,620.0377162130001,train,1,17.60823631286621
3990,620.0377162130001,train,2,17.345056533813477
3990,620.0377162130001,train,3,27.12503433227539
4000,621.56694953,train,0,17.76991081237793
4000,621.56694953,train,1,17.600461959838867
4000,621.56694953,train,2,17.329925537109375
4000,621.56694953,train,3,27.171674728393555
4000,621.624229117,valid,0,17.769691467285156
4000,621.624229117,valid,1,17.599525451660156
4000,621.624229117,valid,2,17.334300994873047
4000,621.624229117,valid,3,27.138442993164062
4010,623.154044406,train,0,17.748014450073242
4010,623.154044406,train,1,17.593286514282227
4010,623.154044406,train,2,17.325651168823242
4010,623.154044406,train,3,27.22353744506836
4020,624.686591614,train,0,17.74993133544922
4020,624.686591614,train,1,17.589813232421875
4020,624.686591614,train,2,17.34193229675293
4020,624.686591614,train,3,27.290876388549805
4030,626.2137614190001,train,0,17.750797271728516
4030,626.2137614190001,train,1,17.595073699951172
4030,626.2137614190001,train,2,17.326025009155273
4030,626.2137614190001,train,3,27.089214324951172
4040,627.742705836,train,0,17.73536491394043
4040,627.742705836,train,1,17.57831573486328
4040,627.742705836,train,2,17.31972885131836
4040,627.742705836,train,3,27.282135009765625
4050,629.2699323400001,train,0,17.734092712402344
4050,629.2699323400001,train,1,17.576236724853516
4050,629.2699323400001,train,2,17.312833786010742
4050,629.2699323400001,train,3,27.179737091064453
4060,630.798797615,train,0,17.725297927856445
4060,630.798797615,train,1,17.566547393798828
4060,630.798797615,train,2,17.31283950805664
4060,630.798797615,train,3,27.315595626831055
4070,632.326209669,train,0,17.718067169189453
4070,632.326209669,train,1,17.562362670898438
4070,632.326209669,train,2,17.28524398803711
4070,632.326209669,train,3,27.191612243652344
4080,633.853215436,train,0,17.711610794067383
4080,633.853215436,train,1,17.558391571044922
4080,633.853215436,train,2,17.28702735900879
4080,633.853215436,train,3,27.2896728515625
4090,635.382754159,train,0,17.707908630371094
4090,635.382754159,train,1,17.557809829711914
4090,635.382754159,train,2,17.290157318115234
4090,635.382754159,train,3,27.21596908569336
4100,636.9093459830001,train,0,17.696048736572266
4100,636.9093459830001,train,1,17.547042846679688
4100,636.9093459830001,train,2,17.287822723388672
4100,636.9093459830001,train,3,27.32483673095703
4100,636.965692559,valid,0,17.693368911743164
4100,636.965692559,valid,1,17.547748565673828
4100,636.965692559,valid,2,17.286731719970703
4100,636.965692559,valid,3,27.148202896118164
4110,638.493628758,train,0,17.695552825927734
4110,638.493628758,train,1,17.547351837158203
4110,638.493628758,train,2,17.284080505371094
4110,638.493628758,train,3,27.142459869384766
4120,640.021540357,train,0,17.683128356933594
4120,640.021540357,train,1,17.540319442749023
4120,640.021540357,train,2,17.27823257446289
4120,640.021540357,train,3,27.221511840820312
4130,641.551904166,train,0,17.677906036376953
4130,641.551904166,train,1,17.525341033935547
4130,641.551904166,train,2,17.255929946899414
4130,641.551904166,train,3,27.231773376464844
4140,643.078679255,train,0,17.65989112854004
4140,643.078679255,train,1,17.526947021484375
4140,643.078679255,train,2,17.255828857421875
4140,643.078679255,train,3,27.140623092651367
4150,644.6058112540001,train,0,17.658832550048828
4150,644.6058112540001,train,1,17.51531219482422
4150,644.6058112540001,train,2,17.24416732788086
4150,644.6058112540001,train,3,27.119169235229492
4160,646.1310582010001,train,0,17.657896041870117
4160,646.1310582010001,train,1,17.513042449951172
4160,646.1310582010001,train,2,17.226160049438477
4160,646.1310582010001,train,3,27.215633392333984
4170,647.6564102330001,train,0,17.657150268554688
4170,647.6564102330001,train,1,17.511741638183594
4170,647.6564102330001,train,2,17.242984771728516
4170,647.6564102330001,train,3,27.236797332763672
4180,649.183347924,train,0,17.638320922851562
4180,649.183347924,train,1,17.506580352783203
4180,649.183347924,train,2,17.226490020751953
4180,649.183347924,train,3,27.083316802978516
4190,650.7100052950001,train,0,17.629627227783203
4190,650.7100052950001,train,1,17.50115203857422
4190,650.7100052950001,train,2,17.207889556884766
4190,650.7100052950001,train,3,27.236536026000977
4200,652.239043274,train,0,17.62697982788086
4200,652.239043274,train,1,17.496671676635742
4200,652.239043274,train,2,17.214927673339844
4200,652.239043274,train,3,27.268953323364258
4200,652.301136075,valid,0,17.629751205444336
4200,652.301136075,valid,1,17.49532127380371
4200,652.301136075,valid,2,17.215389251708984
4200,652.301136075,valid,3,27.171241760253906
4210,653.830211811,train,0,17.628597259521484
4210,653.830211811,train,1,17.491912841796875
4210,653.830211811,train,2,17.219268798828125
4210,653.830211811,train,3,27.36284637451172
4220,655.359950504,train,0,17.618715286254883
4220,655.359950504,train,1,17.489986419677734
4220,655.359950504,train,2,17.212976455688477
4220,655.359950504,train,3,27.150493621826172
4230,656.887333894,train,0,17.599218368530273
4230,656.887333894,train,1,17.47653579711914
4230,656.887333894,train,2,17.205684661865234
4230,656.887333894,train,3,27.21361541748047
4240,658.4155886120001,train,0,17.60468864440918
4240,658.4155886120001,train,1,17.477466583251953
4240,658.4155886120001,train,2,17.190614700317383
4240,658.4155886120001,train,3,27.15768814086914
4250,659.942056343,train,0,17.594898223876953
4250,659.942056343,train,1,17.47422218322754
4250,659.942056343,train,2,17.212635040283203
4250,659.942056343,train,3,27.271881103515625
4260,661.4705972830001,train,0,17.583091735839844
4260,661.4705972830001,train,1,17.466341018676758
4260,661.4705972830001,train,2,17.201698303222656
4260,661.4705972830001,train,3,27.167810440063477
4270,663.0000581420001,train,0,17.573440551757812
4270,663.0000581420001,train,1,17.467147827148438
4270,663.0000581420001,train,2,17.19234275817871
4270,663.0000581420001,train,3,27.077030181884766
4280,664.530194144,train,0,17.57061004638672
4280,664.530194144,train,1,17.461082458496094
4280,664.530194144,train,2,17.19033432006836
4280,664.530194144,train,3,27.16897201538086
4290,666.057993249,train,0,17.56206512451172
4290,666.057993249,train,1,17.45256233215332
4290,666.057993249,train,2,17.184715270996094
4290,666.057993249,train,3,27.186988830566406
4300,667.5859634960001,train,0,17.556686401367188
4300,667.5859634960001,train,1,17.44762420654297
4300,667.5859634960001,train,2,17.182281494140625
4300,667.5859634960001,train,3,27.062393188476562
4300,667.641295207,valid,0,17.55948829650879
4300,667.641295207,valid,1,17.448593139648438
4300,667.641295207,valid,2,17.186153411865234
4300,667.641295207,valid,3,27.023853302001953
4310,669.169212744,train,0,17.543094635009766
4310,669.169212744,train,1,17.44081687927246
4310,669.169212744,train,2,17.1922664642334
4310,669.169212744,train,3,27.166763305664062
4320,670.696955795,train,0,17.54085350036621
4320,670.696955795,train,1,17.430892944335938
4320,670.696955795,train,2,17.187023162841797
4320,670.696955795,train,3,26.945234298706055
4330,672.22415915,train,0,17.534576416015625
4330,672.22415915,train,1,17.429367065429688
4330,672.22415915,train,2,17.166351318359375
4330,672.22415915,train,3,27.126127243041992
4340,673.7508858470001,train,0,17.52781105041504
4340,673.7508858470001,train,1,17.430627822875977
4340,673.7508858470001,train,2,17.153228759765625
4340,673.7508858470001,train,3,26.97170639038086
4350,675.2819294010001,train,0,17.52069664001465
4350,675.2819294010001,train,1,17.427574157714844
4350,675.2819294010001,train,2,17.14661407470703
4350,675.2819294010001,train,3,27.083200454711914
4360,676.8083617780001,train,0,17.52545928955078
4360,676.8083617780001,train,1,17.41832733154297
4360,676.8083617780001,train,2,17.145198822021484
4360,676.8083617780001,train,3,27.20011329650879
4370,678.334090248,train,0,17.50979995727539
4370,678.334090248,train,1,17.417442321777344
4370,678.334090248,train,2,17.1453857421875
4370,678.334090248,train,3,27.130775451660156
4380,679.860384648,train,0,17.504383087158203
4380,679.860384648,train,1,17.413284301757812
4380,679.860384648,train,2,17.14137840270996
4380,679.860384648,train,3,27.094676971435547
4390,681.386367276,train,0,17.490345001220703
4390,681.386367276,train,1,17.405025482177734
4390,681.386367276,train,2,17.10875129699707
4390,681.386367276,train,3,26.961009979248047
4400,682.916096418,train,0,17.490983963012695
4400,682.916096418,train,1,17.406339645385742
4400,682.916096418,train,2,17.133785247802734
4400,682.916096418,train,3,27.13583755493164
4400,682.9794949960001,valid,0,17.48914909362793
4400,682.9794949960001,valid,1,17.40536117553711
4400,682.9794949960001,valid,2,17.139007568359375
4400,682.9794949960001,valid,3,27.228668212890625
4410,684.506399425,train,0,17.48279571533203
4410,684.506399425,train,1,17.399282455444336
4410,684.506399425,train,2,17.131242752075195
4410,684.506399425,train,3,27.329448699951172
4420,686.032240954,train,0,17.485288619995117
4420,686.032240954,train,1,17.396203994750977
4420,686.032240954,train,2,17.114513397216797
4420,686.032240954,train,3,27.170164108276367
4430,687.5597385760001,train,0,17.463613510131836
4430,687.5597385760001,train,1,17.38404083251953
4430,687.5597385760001,train,2,17.111797332763672
4430,687.5597385760001,train,3,27.128421783447266
4440,689.0885161460001,train,0,17.461782455444336
4440,689.0885161460001,train,1,17.38465118408203
4440,689.0885161460001,train,2,17.10869789123535
4440,689.0885161460001,train,3,27.173778533935547
4450,690.616357779,train,0,17.465545654296875
4450,690.616357779,train,1,17.37148666381836
4450,690.616357779,train,2,17.09107780456543
4450,690.616357779,train,3,27.212228775024414
4460,692.143934982,train,0,17.449981689453125
4460,692.143934982,train,1,17.364898681640625
4460,692.143934982,train,2,17.087257385253906
4460,692.143934982,train,3,27.234128952026367
4470,693.6700778530001,train,0,17.444042205810547
4470,693.6700778530001,train,1,17.365392684936523
4470,693.6700778530001,train,2,17.08587646484375
4470,693.6700778530001,train,3,27.07309341430664
4480,695.198664675,train,0,17.44321060180664
4480,695.198664675,train,1,17.362041473388672
4480,695.198664675,train,2,17.076770782470703
4480,695.198664675,train,3,27.14168930053711
4490,696.7275998470001,train,0,17.4346981048584
4490,696.7275998470001,train,1,17.355026245117188
4490,696.7275998470001,train,2,17.07791519165039
4490,696.7275998470001,train,3,27.035755157470703
4500,698.256581804,train,0,17.432252883911133
4500,698.256581804,train,1,17.364608764648438
4500,698.256581804,train,2,17.074119567871094
4500,698.256581804,train,3,26.98843765258789
4500,698.3154577380001,valid,0,17.431367874145508
4500,698.3154577380001,valid,1,17.36369514465332
4500,698.3154577380001,valid,2,17.07821273803711
4500,698.3154577380001,valid,3,27.023754119873047
4510,699.843716716,train,0,17.42742919921875
4510,699.843716716,train,1,17.35650634765625
4510,699.843716716,train,2,17.081100463867188
4510,699.843716716,train,3,27.092742919921875
4520,701.372290643,train,0,17.415241241455078
4520,701.372290643,train,1,17.342548370361328
4520,701.372290643,train,2,17.048542022705078
4520,701.372290643,train,3,27.076889038085938
4530,702.8980049090001,train,0,17.410419464111328
4530,702.8980049090001,train,1,17.340694427490234
4530,702.8980049090001,train,2,17.06013298034668
4530,702.8980049090001,train,3,27.1804141998291
4540,704.4259185010001,train,0,17.409523010253906
4540,704.4259185010001,train,1,17.339139938354492
4540,704.4259185010001,train,2,17.04973602294922
4540,704.4259185010001,train,3,27.07048797607422
4550,705.954124547,train,0,17.40066909790039
4550,705.954124547,train,1,17.335031509399414
4550,705.954124547,train,2,17.067169189453125
4550,705.954124547,train,3,27.212108612060547
4560,707.482914006,train,0,17.379863739013672
4560,707.482914006,train,1,17.321231842041016
4560,707.482914006,train,2,17.047557830810547
4560,707.482914006,train,3,27.184444427490234
4570,709.014086551,train,0,17.393306732177734
4570,709.014086551,train,1,17.330276489257812
4570,709.014086551,train,2,17.03340721130371
4570,709.014086551,train,3,27.0556640625
4580,710.54295719,train,0,17.38283920288086
4580,710.54295719,train,1,17.316234588623047
4580,710.54295719,train,2,17.043588638305664
4580,710.54295719,train,3,27.08270263671875
4590,712.076237857,train,0,17.36795425415039
4590,712.076237857,train,1,17.313087463378906
4590,712.076237857,train,2,17.044307708740234
4590,712.076237857,train,3,27.11444664001465
4600,713.604270089,train,0,17.364212036132812
4600,713.604270089,train,1,17.311002731323242
4600,713.604270089,train,2,17.018400192260742
4600,713.604270089,train,3,27.151382446289062
4600,713.664511724,valid,0,17.360288619995117
4600,713.664511724,valid,1,17.308765411376953
4600,713.664511724,valid,2,17.011558532714844
4600,713.664511724,valid,3,27.07746124267578
4610,715.19296562,train,0,17.366790771484375
4610,715.19296562,train,1,17.309165954589844
4610,715.19296562,train,2,17.014923095703125
4610,715.19296562,train,3,27.131256103515625
4620,716.72158332,train,0,17.36043930053711
4620,716.72158332,train,1,17.30524444580078
4620,716.72158332,train,2,17.030590057373047
4620,716.72158332,train,3,27.185054779052734
4630,718.2497367660001,train,0,17.3486270904541
4630,718.2497367660001,train,1,17.297386169433594
4630,718.2497367660001,train,2,17.015975952148438
4630,718.2497367660001,train,3,27.25855827331543
4640,719.7810320560001,train,0,17.344837188720703
4640,719.7810320560001,train,1,17.295854568481445
4640,719.7810320560001,train,2,16.998279571533203
4640,719.7810320560001,train,3,27.122459411621094
4650,721.308631451,train,0,17.331796646118164
4650,721.308631451,train,1,17.29072380065918
4650,721.308631451,train,2,17.012937545776367
4650,721.308631451,train,3,27.055252075195312
4660,722.8357411000001,train,0,17.330476760864258
4660,722.8357411000001,train,1,17.28521728515625
4660,722.8357411000001,train,2,17.000965118408203
4660,722.8357411000001,train,3,27.13309097290039
4670,724.367114749,train,0,17.318750381469727
4670,724.367114749,train,1,17.278614044189453
4670,724.367114749,train,2,16.983661651611328
4670,724.367114749,train,3,26.983497619628906
4680,725.897641358,train,0,17.304546356201172
4680,725.897641358,train,1,17.277450561523438
4680,725.897641358,train,2,16.995811462402344
4680,725.897641358,train,3,26.99974250793457
4690,727.4247772150001,train,0,17.30105209350586
4690,727.4247772150001,train,1,17.267093658447266
4690,727.4247772150001,train,2,16.98784637451172
4690,727.4247772150001,train,3,27.193605422973633
4700,728.9523637780001,train,0,17.294395446777344
4700,728.9523637780001,train,1,17.26892852783203
4700,728.9523637780001,train,2,16.97248077392578
4700,728.9523637780001,train,3,27.0946044921875
4700,729.013221648,valid,0,17.31178855895996
4700,729.013221648,valid,1,17.275386810302734
4700,729.013221648,valid,2,16.980030059814453
4700,729.013221648,valid,3,27.08586311340332
4710,730.5410632510001,train,0,17.301767349243164
4710,730.5410632510001,train,1,17.270610809326172
4710,730.5410632510001,train,2,16.971208572387695
4710,730.5410632510001,train,3,26.89059066772461
4720,732.065728945,train,0,17.29458999633789
4720,732.065728945,train,1,17.26363754272461
4720,732.065728945,train,2,16.96803855895996
4720,732.065728945,train,3,26.96190071105957
4730,733.594519481,train,0,17.287290573120117
4730,733.594519481,train,1,17.26710319519043
4730,733.594519481,train,2,16.95625877380371
4730,733.594519481,train,3,27.02121353149414
4740,735.121173924,train,0,17.27892303466797
4740,735.121173924,train,1,17.25816535949707
4740,735.121173924,train,2,16.963817596435547
4740,735.121173924,train,3,26.988582611083984
4750,736.649504009,train,0,17.277446746826172
4750,736.649504009,train,1,17.25425910949707
4750,736.649504009,train,2,16.970352172851562
4750,736.649504009,train,3,27.10579490661621
4760,738.178636912,train,0,17.270565032958984
4760,738.178636912,train,1,17.24795150756836
4760,738.178636912,train,2,16.945167541503906
4760,738.178636912,train,3,27.064167022705078
4770,739.7096129700001,train,0,17.258941650390625
4770,739.7096129700001,train,1,17.24700164794922
4770,739.7096129700001,train,2,16.951675415039062
4770,739.7096129700001,train,3,27.153335571289062
4780,741.238738764,train,0,17.25774383544922
4780,741.238738764,train,1,17.239852905273438
4780,741.238738764,train,2,16.94803810119629
4780,741.238738764,train,3,27.083059310913086
4790,742.7674459220001,train,0,17.252567291259766
4790,742.7674459220001,train,1,17.240131378173828
4790,742.7674459220001,train,2,16.950510025024414
4790,742.7674459220001,train,3,27.127323150634766
4800,744.2947321500001,train,0,17.248577117919922
4800,744.2947321500001,train,1,17.234416961669922
4800,744.2947321500001,train,2,16.94448471069336
4800,744.2947321500001,train,3,27.31723403930664
4800,744.350294013,valid,0,17.24789810180664
4800,744.350294013,valid,1,17.2348575592041
4800,744.350294013,valid,2,16.93879508972168
4800,744.350294013,valid,3,27.24475860595703
4810,745.880800645,train,0,17.238435745239258
4810,745.880800645,train,1,17.229936599731445
4810,745.880800645,train,2,16.927019119262695
4810,745.880800645,train,3,27.17479705810547
4820,747.410302523,train,0,17.243206024169922
4820,747.410302523,train,1,17.23211669921875
4820,747.410302523,train,2,16.927135467529297
4820,747.410302523,train,3,27.074371337890625
4830,748.937964626,train,0,17.238340377807617
4830,748.937964626,train,1,17.22714614868164
4830,748.937964626,train,2,16.913002014160156
4830,748.937964626,train,3,27.164836883544922
4840,750.465508672,train,0,17.225967407226562
4840,750.465508672,train,1,17.22149658203125
4840,750.465508672,train,2,16.922481536865234
4840,750.465508672,train,3,27.19101333618164
4850,751.996250442,train,0,17.224979400634766
4850,751.996250442,train,1,17.21535873413086
4850,751.996250442,train,2,16.9022216796875
4850,751.996250442,train,3,26.958215713500977
4860,753.5250750040001,train,0,17.210338592529297
4860,753.5250750040001,train,1,17.210187911987305
4860,753.5250750040001,train,2,16.895872116088867
4860,753.5250750040001,train,3,26.967313766479492
4870,755.050301095,train,0,17.195486068725586
4870,755.050301095,train,1,17.207035064697266
4870,755.050301095,train,2,16.910015106201172
4870,755.050301095,train,3,27.116106033325195
4880,756.574198174,train,0,17.19188690185547
4880,756.574198174,train,1,17.199359893798828
4880,756.574198174,train,2,16.9072265625
4880,756.574198174,train,3,27.158000946044922
4890,758.099761413,train,0,17.19477081298828
4890,758.099761413,train,1,17.198524475097656
4890,758.099761413,train,2,16.902345657348633
4890,758.099761413,train,3,27.230728149414062
4900,759.626988965,train,0,17.190589904785156
4900,759.626988965,train,1,17.198955535888672
4900,759.626988965,train,2,16.88492202758789
4900,759.626988965,train,3,27.045841217041016
4900,759.68744643,valid,0,17.19184684753418
4900,759.68744643,valid,1,17.19969367980957
4900,759.68744643,valid,2,16.885345458984375
4900,759.68744643,valid,3,27.0738525390625
4910,761.2159512630001,train,0,17.184507369995117
4910,761.2159512630001,train,1,17.188676834106445
4910,761.2159512630001,train,2,16.886404037475586
4910,761.2159512630001,train,3,27.132299423217773
4920,762.745063405,train,0,17.18062400817871
4920,762.745063405,train,1,17.18996810913086
4920,762.745063405,train,2,16.872051239013672
4920,762.745063405,train,3,27.137344360351562
4930,764.272798933,train,0,17.189285278320312
4930,764.272798933,train,1,17.189741134643555
4930,764.272798933,train,2,16.88800621032715
4930,764.272798933,train,3,27.113101959228516
4940,765.800223283,train,0,17.17581558227539
4940,765.800223283,train,1,17.185882568359375
4940,765.800223283,train,2,16.871280670166016
4940,765.800223283,train,3,27.025320053100586
4950,767.331778318,train,0,17.166301727294922
4950,767.331778318,train,1,17.179737091064453
4950,767.331778318,train,2,16.855499267578125
4950,767.331778318,train,3,27.152313232421875
4960,768.86171845,train,0,17.16960906982422
4960,768.86171845,train,1,17.178607940673828
4960,768.86171845,train,2,16.861705780029297
4960,768.86171845,train,3,27.14461898803711
4970,770.391422407,train,0,17.15221405029297
4970,770.391422407,train,1,17.16537857055664
4970,770.391422407,train,2,16.876211166381836
4970,770.391422407,train,3,27.165178298950195
4980,771.9219131550001,train,0,17.150766372680664
4980,771.9219131550001,train,1,17.1684627532959
4980,771.9219131550001,train,2,16.8531494140625
4980,771.9219131550001,train,3,27.091360092163086
4990,773.452989759,train,0,17.15117835998535
4990,773.452989759,train,1,17.165058135986328
4990,773.452989759,train,2,16.858928680419922
4990,773.452989759,train,3,27.17580223083496
