step,wallclock_seconds,split,layer,mean_l2_norm
0,2.3547295029999997,train,0,22.627296447753906
0,2.3547295029999997,train,1,22.627323150634766
0,2.3547295029999997,train,2,22.62732696533203
0,2.3547295029999997,train,3,22.627330780029297
0,2.3977887439999996,valid,0,22.627296447753906
0,2.3977887439999996,valid,1,22.627323150634766
0,2.3977887439999996,valid,2,22.62732696533203
0,2.3977887439999996,valid,3,22.62733268737793
10,3.556624458,train,0,22.626699447631836
10,3.556624458,train,1,22.62729263305664
10,3.556624458,train,2,22.627838134765625
10,3.556624458,train,3,22.629432678222656
20,4.704278735,train,0,22.62381935119629
20,4.704278735,train,1,22.628732681274414
20,4.704278735,train,2,22.635671615600586
20,4.704278735,train,3,22.660621643066406
30,5.851590623000001,train,0,22.61960792541504
30,5.851590623000001,train,1,22.62427520751953
30,5.851590623000001,train,2,22.63094711303711
30,5.851590623000001,train,3,22.717079162597656
40,7.001317083999999,train,0,22.607728958129883
40,7.001317083999999,train,1,22.614530563354492
40,7.001317083999999,train,2,22.625858306884766
40,7.001317083999999,train,3,22.811717987060547
50,8.149033734,train,0,22.585250854492188
50,8.149033734,train,1,22.599925994873047
50,8.149033734,train,2,22.621902465820312
50,8.149033734,train,3,22.93062400817871
60,9.296426319999998,train,0,22.560970306396484
60,9.296426319999998,train,1,22.584745407104492
60,9.296426319999998,train,2,22.61914825439453
60,9.296426319999998,train,3,23.056682586669922
70,10.443990331999998,train,0,22.537979125976562
70,10.443990331999998,train,1,22.570388793945312
70,10.443990331999998,train,2,22.614574432373047
70,10.443990331999998,train,3,23.172897338867188
80,11.591134298,train,0,22.518878936767578
80,11.591134298,train,1,22.557804107666016
80,11.591134298,train,2,22.606246948242188
80,11.591134298,train,3,23.271581649780273
90,12.738253061000002,train,0,22.50452995300293
90,12.738253061000002,train,1,22.54477310180664
90,12.738253061000002,train,2,22.594512939453125
90,12.738253061000002,train,3,23.360679626464844
100,13.885349876,train,0,22.488037109375
100,13.885349876,train,1,22.531978607177734
100,13.885349876,train,2,22.581745147705078
100,13.885349876,train,3,23.448780059814453
100,13.925930992999998,valid,0,22.486328125
100,13.925930992999998,valid,1,22.530765533447266
100,13.925930992999998,valid,2,22.579952239990234
100,13.925930992999998,valid,3,23.456798553466797
110,15.074284181,train,0,22.469032287597656
110,15.074284181,train,1,22.51979637145996
110,15.074284181,train,2,22.56930160522461
110,15.074284181,train,3,23.534013748168945
120,16.221534103,train,0,22.44904899597168
120,16.221534103,train,1,22.504180908203125
120,16.221534103,train,2,22.555469512939453
120,16.221534103,train,3,23.614328384399414
130,17.368959879,train,0,22.429370880126953
130,17.368959879,train,1,22.487762451171875
130,17.368959879,train,2,22.5416316986084
130,17.368959879,train,3,23.687911987304688
140,18.515997049,train,0,22.40510368347168
140,18.515997049,train,1,22.469451904296875
140,18.515997049,train,2,22.53142738342285
140,18.515997049,train,3,23.768613815307617
150,19.663255465,train,0,22.382305145263672
150,19.663255465,train,1,22.44651222229004
150,19.663255465,train,2,22.520402908325195
150,19.663255465,train,3,23.851451873779297
160,20.811540875,train,0,22.3530216217041
160,20.811540875,train,1,22.41590118408203
160,20.811540875,train,2,22.513111114501953
160,20.811540875,train,3,23.932600021362305
170,21.958898608,train,0,22.321300506591797
170,21.958898608,train,1,22.38663673400879
170,21.958898608,train,2,22.503185272216797
170,21.958898608,train,3,24.015647888183594
180,23.105748837,train,0,22.286375045776367
180,23.105748837,train,1,22.354610443115234
180,23.105748837,train,2,22.499523162841797
180,23.105748837,train,3,24.096332550048828
190,24.256007759,train,0,22.242738723754883
190,24.256007759,train,1,22.315811157226562
190,24.256007759,train,2,22.484355926513672
190,24.256007759,train,3,24.182655334472656
200,25.404691128,train,0,22.200437545776367
200,25.404691128,train,1,22.274673461914062
200,25.404691128,train,2,22.478837966918945
200,25.404691128,train,3,24.270042419433594
200,25.445759869,valid,0,22.196659088134766
200,25.445759869,valid,1,22.270244598388672
200,25.445759869,valid,2,22.478858947753906
200,25.445759869,valid,3,24.278383255004883
210,26.593349116,train,0,22.162513732910156
210,26.593349116,train,1,22.23042869567871
210,26.593349116,train,2,22.470531463623047
210,26.593349116,train,3,24.352130889892578
220,27.739775578,train,0,22.127538681030273
220,27.739775578,train,1,22.191545486450195
220,27.739775578,train,2,22.457216262817383
220,27.739775578,train,3,24.439834594726562
230,28.886636111999998,train,0,22.096691131591797
230,28.886636111999998,train,1,22.155033111572266
230,28.886636111999998,train,2,22.44744873046875
230,28.886636111999998,train,3,24.523303985595703
240,30.03478266,train,0,22.067089080810547
240,30.03478266,train,1,22.11850929260254
240,30.03478266,train,2,22.4383544921875
240,30.03478266,train,3,24.609355926513672
250,31.185154670999996,train,0,22.041290283203125
250,31.185154670999996,train,1,22.087474822998047
250,31.185154670999996,train,2,22.435720443725586
250,31.185154670999996,train,3,24.6888427734375
260,32.334269815000006,train,0,22.014083862304688
260,32.334269815000006,train,1,22.05388641357422
260,32.334269815000006,train,2,22.418010711669922
260,32.334269815000006,train,3,24.76938247680664
270,33.481524918000005,train,0,21.988828659057617
270,33.481524918000005,train,1,22.02619743347168
270,33.481524918000005,train,2,22.413589477539062
270,33.481524918000005,train,3,24.847145080566406
280,34.628608452,train,0,21.964452743530273
280,34.628608452,train,1,21.997966766357422
280,34.628608452,train,2,22.405738830566406
280,34.628608452,train,3,24.92818832397461
290,35.77595281,train,0,21.943986892700195
290,35.77595281,train,1,21.96949005126953
290,35.77595281,train,2,22.39727020263672
290,35.77595281,train,3,25.006881713867188
300,36.923161859000004,train,0,21.921480178833008
300,36.923161859000004,train,1,21.945152282714844
300,36.923161859000004,train,2,22.397573471069336
300,36.923161859000004,train,3,25.08271026611328
300,36.963872133,valid,0,21.918861389160156
300,36.963872133,valid,1,21.941774368286133
300,36.963872133,valid,2,22.393341064453125
300,36.963872133,valid,3,25.0921573638916
310,38.11104,train,0,21.899972915649414
310,38.11104,train,1,21.918994903564453
310,38.11104,train,2,22.386669158935547
310,38.11104,train,3,25.15838623046875
320,39.258342920000004,train,0,21.87955093383789
320,39.258342920000004,train,1,21.894351959228516
320,39.258342920000004,train,2,22.379167556762695
320,39.258342920000004,train,3,25.244258880615234
330,40.406183823,train,0,21.859294891357422
330,40.406183823,train,1,21.869644165039062
330,40.406183823,train,2,22.36870002746582
330,40.406183823,train,3,25.316204071044922
340,41.552811350000006,train,0,21.838176727294922
340,41.552811350000006,train,1,21.848182678222656
340,41.552811350000006,train,2,22.35796546936035
340,41.552811350000006,train,3,25.391353607177734
350,42.69993052,train,0,21.81665802001953
350,42.69993052,train,1,21.826358795166016
350,42.69993052,train,2,22.348676681518555
350,42.69993052,train,3,25.46797752380371
360,43.847206176,train,0,21.801654815673828
360,43.847206176,train,1,21.80390167236328
360,43.847206176,train,2,22.345802307128906
360,43.847206176,train,3,25.54783058166504
370,44.994347243,train,0,21.784095764160156
370,44.994347243,train,1,21.786663055419922
370,44.994347243,train,2,22.345226287841797
370,44.994347243,train,3,25.617341995239258
380,46.141291905,train,0,21.766891479492188
380,46.141291905,train,1,21.765270233154297
380,46.141291905,train,2,22.33324432373047
380,46.141291905,train,3,25.691333770751953
390,47.28835284,train,0,21.751018524169922
390,47.28835284,train,1,21.74669647216797
390,47.28835284,train,2,22.32970428466797
390,47.28835284,train,3,25.76005744934082
400,48.435030732,train,0,21.736740112304688
400,48.435030732,train,1,21.72833251953125
400,48.435030732,train,2,22.32439613342285
400,48.435030732,train,3,25.83123779296875
400,48.476145822,valid,0,21.735742568969727
400,48.476145822,valid,1,21.726417541503906
400,48.476145822,valid,2,22.31863021850586
400,48.476145822,valid,3,25.838241577148438
410,49.623109892,train,0,21.719951629638672
410,49.623109892,train,1,21.7078857421875
410,49.623109892,train,2,22.314817428588867
410,49.623109892,train,3,25.893726348876953
420,50.771848573,train,0,21.702877044677734
420,50.771848573,train,1,21.69313621520996
420,50.771848573,train,2,22.312402725219727
420,50.771848573,train,3,25.971420288085938
430,51.918741034,train,0,21.687946319580078
430,51.918741034,train,1,21.676319122314453
430,51.918741034,train,2,22.296981811523438
430,51.918741034,train,3,26.03386878967285
440,53.065498332000004,train,0,21.674999237060547
440,53.065498332000004,train,1,21.659469604492188
440,53.065498332000004,train,2,22.299209594726562
440,53.065498332000004,train,3,26.10192108154297
450,54.212421003,train,0,21.660825729370117
450,54.212421003,train,1,21.6415958404541
450,54.212421003,train,2,22.29297637939453
450,54.212421003,train,3,26.16385269165039
460,55.359324367,train,0,21.647647857666016
460,55.359324367,train,1,21.62411880493164
460,55.359324367,train,2,22.28270721435547
460,55.359324367,train,3,26.220279693603516
470,56.506562602,train,0,21.632911682128906
470,56.506562602,train,1,21.609195709228516
470,56.506562602,train,2,22.273536682128906
470,56.506562602,train,3,26.287212371826172
480,57.653452040000005,train,0,21.619930267333984
480,57.653452040000005,train,1,21.594280242919922
480,57.653452040000005,train,2,22.276546478271484
480,57.653452040000005,train,3,26.34813690185547
490,58.800365149,train,0,21.61033821105957
490,58.800365149,train,1,21.579057693481445
490,58.800365149,train,2,22.260860443115234
490,58.800365149,train,3,26.406770706176758
500,59.947651773000004,train,0,21.598630905151367
500,59.947651773000004,train,1,21.561410903930664
500,59.947651773000004,train,2,22.25078582763672
500,59.947651773000004,train,3,26.47100067138672
500,59.989673391000004,valid,0,21.59808921813965
500,59.989673391000004,valid,1,21.56351089477539
500,59.989673391000004,valid,2,22.259624481201172
500,59.989673391000004,valid,3,26.473491668701172
510,61.138011346000006,train,0,21.58724594116211
510,61.138011346000006,train,1,21.54564666748047
510,61.138011346000006,train,2,22.24072265625
510,61.138011346000006,train,3,26.528799057006836
520,62.288779354,train,0,21.57575798034668
520,62.288779354,train,1,21.5344181060791
520,62.288779354,train,2,22.243995666503906
520,62.288779354,train,3,26.586467742919922
530,63.437075288,train,0,21.562641143798828
530,63.437075288,train,1,21.518360137939453
530,63.437075288,train,2,22.23027801513672
530,63.437075288,train,3,26.64140510559082
540,64.586450755,train,0,21.552059173583984
540,64.586450755,train,1,21.5058536529541
540,64.586450755,train,2,22.2298526763916
540,64.586450755,train,3,26.703510284423828
550,65.734370484,train,0,21.541702270507812
550,65.734370484,train,1,21.49315643310547
550,65.734370484,train,2,22.228782653808594
550,65.734370484,train,3,26.752336502075195
560,66.882499196,train,0,21.531171798706055
560,66.882499196,train,1,21.474369049072266
560,66.882499196,train,2,22.213085174560547
560,66.882499196,train,3,26.801021575927734
570,68.030999228,train,0,21.520299911499023
570,68.030999228,train,1,21.46030044555664
570,68.030999228,train,2,22.208656311035156
570,68.030999228,train,3,26.847091674804688
580,69.178905877,train,0,21.510284423828125
580,69.178905877,train,1,21.444379806518555
580,69.178905877,train,2,22.19363784790039
580,69.178905877,train,3,26.900920867919922
590,70.325252705,train,0,21.503196716308594
590,70.325252705,train,1,21.433429718017578
590,70.325252705,train,2,22.195497512817383
590,70.325252705,train,3,26.947561264038086
600,71.472039107,train,0,21.493799209594727
600,71.472039107,train,1,21.41803741455078
600,71.472039107,train,2,22.187816619873047
600,71.472039107,train,3,26.99662208557129
600,71.514051825,valid,0,21.49335479736328
600,71.514051825,valid,1,21.418811798095703
600,71.514051825,valid,2,22.197711944580078
600,71.514051825,valid,3,27.003917694091797
610,72.661060873,train,0,21.485231399536133
610,72.661060873,train,1,21.40670394897461
610,72.661060873,train,2,22.184467315673828
610,72.661060873,train,3,27.050086975097656
620,73.809622789,train,0,21.475387573242188
620,73.809622789,train,1,21.390968322753906
620,73.809622789,train,2,22.178630828857422
620,73.809622789,train,3,27.089920043945312
630,74.957435815,train,0,21.46694564819336
630,74.957435815,train,1,21.375028610229492
630,74.957435815,train,2,22.17293930053711
630,74.957435815,train,3,27.12885856628418
640,76.104247826,train,0,21.458171844482422
640,76.104247826,train,1,21.358217239379883
640,76.104247826,train,2,22.155044555664062
640,76.104247826,train,3,27.170860290527344
650,77.251428218,train,0,21.447975158691406
650,77.251428218,train,1,21.345144271850586
650,77.251428218,train,2,22.15917205810547
650,77.251428218,train,3,27.217559814453125
660,78.398478624,train,0,21.43740463256836
660,78.398478624,train,1,21.330717086791992
660,78.398478624,train,2,22.145366668701172
660,78.398478624,train,3,27.258899688720703
670,79.544907534,train,0,21.42837142944336
670,79.544907534,train,1,21.31584930419922
670,79.544907534,train,2,22.135042190551758
670,79.544907534,train,3,27.299379348754883
680,80.69422281,train,0,21.419692993164062
680,80.69422281,train,1,21.305971145629883
680,80.69422281,train,2,22.138134002685547
680,80.69422281,train,3,27.336891174316406
690,81.840986928,train,0,21.40930938720703
690,81.840986928,train,1,21.292160034179688
690,81.840986928,train,2,22.118938446044922
690,81.840986928,train,3,27.373727798461914
700,82.987874913,train,0,21.39907455444336
700,82.987874913,train,1,21.28173828125
700,82.987874913,train,2,22.12009620666504
700,82.987874913,train,3,27.412986755371094
700,83.029214638,valid,0,21.398834228515625
700,83.029214638,valid,1,21.280269622802734
700,83.029214638,valid,2,22.11181640625
700,83.029214638,valid,3,27.417654037475586
710,84.177273911,train,0,21.391963958740234
710,84.177273911,train,1,21.266704559326172
710,84.177273911,train,2,22.117206573486328
710,84.177273911,train,3,27.454504013061523
720,85.323801657,train,0,21.383392333984375
720,85.323801657,train,1,21.254467010498047
720,85.323801657,train,2,22.110301971435547
720,85.323801657,train,3,27.487728118896484
730,86.472324291,train,0,21.375503540039062
730,86.472324291,train,1,21.238632202148438
730,86.472324291,train,2,22.076679229736328
730,86.472324291,train,3,27.525634765625
740,87.624798037,train,0,21.364789962768555
740,87.624798037,train,1,21.22903823852539
740,87.624798037,train,2,22.0968017578125
740,87.624798037,train,3,27.561927795410156
750,88.777131481,train,0,21.356155395507812
750,88.777131481,train,1,21.214738845825195
750,88.777131481,train,2,22.063873291015625
750,88.777131481,train,3,27.593585968017578
760,89.931223402,train,0,21.347442626953125
760,89.931223402,train,1,21.202075958251953
760,89.931223402,train,2,22.07296371459961
760,89.931223402,train,3,27.627426147460938
770,91.08429324400001,train,0,21.33810043334961
770,91.08429324400001,train,1,21.190032958984375
770,91.08429324400001,train,2,22.063045501708984
770,91.08429324400001,train,3,27.659339904785156
780,92.235243077,train,0,21.332603454589844
780,92.235243077,train,1,21.180837631225586
780,92.235243077,train,2,22.063743591308594
780,92.235243077,train,3,27.693025588989258
790,93.387947723,train,0,21.324920654296875
790,93.387947723,train,1,21.169422149658203
790,93.387947723,train,2,22.049047470092773
790,93.387947723,train,3,27.729534149169922
800,94.542088475,train,0,21.318572998046875
800,94.542088475,train,1,21.15524673461914
800,94.542088475,train,2,22.04286766052246
800,94.542088475,train,3,27.757431030273438
800,94.584708224,valid,0,21.317123413085938
800,94.584708224,valid,1,21.147390365600586
800,94.584708224,valid,2,22.010311126708984
800,94.584708224,valid,3,27.761077880859375
810,95.739839085,train,0,21.310869216918945
810,95.739839085,train,1,21.142377853393555
810,95.739839085,train,2,22.018293380737305
810,95.739839085,train,3,27.785747528076172
820,96.896902895,train,0,21.30304527282715
820,96.896902895,train,1,21.12680435180664
820,96.896902895,train,2,21.997295379638672
820,96.896902895,train,3,27.81023597717285
830,98.05213893700001,train,0,21.295631408691406
830,98.05213893700001,train,1,21.114948272705078
830,98.05213893700001,train,2,21.993152618408203
830,98.05213893700001,train,3,27.835630416870117
840,99.20435505100001,train,0,21.287187576293945
840,99.20435505100001,train,1,21.10285186767578
840,99.20435505100001,train,2,21.989734649658203
840,99.20435505100001,train,3,27.87628173828125
850,100.359170495,train,0,21.278156280517578
850,100.359170495,train,1,21.08820915222168
850,100.359170495,train,2,21.961612701416016
850,100.359170495,train,3,27.900074005126953
860,101.515289932,train,0,21.271102905273438
860,101.515289932,train,1,21.075912475585938
860,101.515289932,train,2,21.97852897644043
860,101.515289932,train,3,27.92816734313965
870,102.67005062,train,0,21.264095306396484
870,102.67005062,train,1,21.062335968017578
870,102.67005062,train,2,21.94662857055664
870,102.67005062,train,3,27.951250076293945
880,103.822221824,train,0,21.254451751708984
880,103.822221824,train,1,21.04999542236328
880,103.822221824,train,2,21.929931640625
880,103.822221824,train,3,27.97818374633789
890,104.971984232,train,0,21.247678756713867
890,104.971984232,train,1,21.0354061126709
890,104.971984232,train,2,21.90899658203125
890,104.971984232,train,3,27.998516082763672
900,106.120752588,train,0,21.24041748046875
900,106.120752588,train,1,21.024641036987305
900,106.120752588,train,2,21.898324966430664
900,106.120752588,train,3,28.01303482055664
900,106.16228715,valid,0,21.240066528320312
900,106.16228715,valid,1,21.025588989257812
900,106.16228715,valid,2,21.91220474243164
900,106.16228715,valid,3,28.01504135131836
910,107.31379390800001,train,0,21.23353385925293
910,107.31379390800001,train,1,21.012447357177734
910,107.31379390800001,train,2,21.906503677368164
910,107.31379390800001,train,3,28.03487777709961
920,108.468842957,train,0,21.226783752441406
920,108.468842957,train,1,21.003816604614258
920,108.468842957,train,2,21.918102264404297
920,108.468842957,train,3,28.050601959228516
930,109.623156682,train,0,21.217866897583008
930,109.623156682,train,1,20.992496490478516
930,109.623156682,train,2,21.933948516845703
930,109.623156682,train,3,28.07905387878418
940,110.776972808,train,0,21.209758758544922
940,110.776972808,train,1,20.972698211669922
940,110.776972808,train,2,21.870487213134766
940,110.776972808,train,3,28.096939086914062
950,111.926023928,train,0,21.202449798583984
950,111.926023928,train,1,20.966257095336914
950,111.926023928,train,2,21.861568450927734
950,111.926023928,train,3,28.120147705078125
960,113.07901990500001,train,0,21.192832946777344
960,113.07901990500001,train,1,20.953773498535156
960,113.07901990500001,train,2,21.873302459716797
960,113.07901990500001,train,3,28.138105392456055
970,114.229090368,train,0,21.181781768798828
970,114.229090368,train,1,20.938901901245117
970,114.229090368,train,2,21.831165313720703
970,114.229090368,train,3,28.15584373474121
980,115.377042231,train,0,21.17261505126953
980,115.377042231,train,1,20.926300048828125
980,115.377042231,train,2,21.838054656982422
980,115.377042231,train,3,28.170726776123047
990,116.526963875,train,0,21.16492462158203
990,116.526963875,train,1,20.913877487182617
990,116.526963875,train,2,21.801807403564453
990,116.526963875,train,3,28.189579010009766
1000,117.675069036,train,0,21.15733528137207
1000,117.675069036,train,1,20.900039672851562
1000,117.675069036,train,2,21.788898468017578
1000,117.675069036,train,3,28.20392417907715
1000,117.715642188,valid,0,21.156496047973633
1000,117.715642188,valid,1,20.898448944091797
1000,117.715642188,valid,2,21.788959503173828
1000,117.715642188,valid,3,28.204408645629883
1010,118.864302216,train,0,21.151229858398438
1010,118.864302216,train,1,20.88957977294922
1010,118.864302216,train,2,21.771251678466797
1010,118.864302216,train,3,28.21750259399414
1020,120.011284055,train,0,21.145240783691406
1020,120.011284055,train,1,20.88150405883789
1020,120.011284055,train,2,21.80836296081543
1020,120.011284055,train,3,28.23059844970703
1030,121.158124314,train,0,21.138900756835938
1030,121.158124314,train,1,20.863378524780273
1030,121.158124314,train,2,21.756628036499023
1030,121.158124314,train,3,28.24658203125
1040,122.305412046,train,0,21.1324520111084
1040,122.305412046,train,1,20.85780906677246
1040,122.305412046,train,2,21.79084014892578
1040,122.305412046,train,3,28.26093292236328
1050,123.452960838,train,0,21.125743865966797
1050,123.452960838,train,1,20.84038543701172
1050,123.452960838,train,2,21.73554229736328
1050,123.452960838,train,3,28.281129837036133
1060,124.599838597,train,0,21.1181583404541
1060,124.599838597,train,1,20.830520629882812
1060,124.599838597,train,2,21.746400833129883
1060,124.599838597,train,3,28.287887573242188
1070,125.748110636,train,0,21.111141204833984
1070,125.748110636,train,1,20.824188232421875
1070,125.748110636,train,2,21.746213912963867
1070,125.748110636,train,3,28.310516357421875
1080,126.89507889000001,train,0,21.105857849121094
1080,126.89507889000001,train,1,20.815139770507812
1080,126.89507889000001,train,2,21.7315731048584
1080,126.89507889000001,train,3,28.318708419799805
1090,128.041814952,train,0,21.099166870117188
1090,128.041814952,train,1,20.797578811645508
1090,128.041814952,train,2,21.713226318359375
1090,128.041814952,train,3,28.32789421081543
1100,129.188593418,train,0,21.091655731201172
1100,129.188593418,train,1,20.784847259521484
1100,129.188593418,train,2,21.674072265625
1100,129.188593418,train,3,28.34079360961914
1100,129.229703673,valid,0,21.091567993164062
1100,129.229703673,valid,1,20.785972595214844
1100,129.229703673,valid,2,21.6806697845459
1100,129.229703673,valid,3,28.34493637084961
1110,130.377298932,train,0,21.086021423339844
1110,130.377298932,train,1,20.775728225708008
1110,130.377298932,train,2,21.683151245117188
1110,130.377298932,train,3,28.353790283203125
1120,131.52381521,train,0,21.078609466552734
1120,131.52381521,train,1,20.75971221923828
1120,131.52381521,train,2,21.619522094726562
1120,131.52381521,train,3,28.370126724243164
1130,132.670573028,train,0,21.071544647216797
1130,132.670573028,train,1,20.753131866455078
1130,132.670573028,train,2,21.63986587524414
1130,132.670573028,train,3,28.37457275390625
1140,133.817436994,train,0,21.06390380859375
1140,133.817436994,train,1,20.736305236816406
1140,133.817436994,train,2,21.58144187927246
1140,133.817436994,train,3,28.389921188354492
1150,134.963772865,train,0,21.056093215942383
1150,134.963772865,train,1,20.728492736816406
1150,134.963772865,train,2,21.62343978881836
1150,134.963772865,train,3,28.403701782226562
1160,136.111021687,train,0,21.051166534423828
1160,136.111021687,train,1,20.718782424926758
1160,136.111021687,train,2,21.584171295166016
1160,136.111021687,train,3,28.407665252685547
1170,137.258082558,train,0,21.043699264526367
1170,137.258082558,train,1,20.706707000732422
1170,137.258082558,train,2,21.570627212524414
1170,137.258082558,train,3,28.41881561279297
1180,138.405017123,train,0,21.03786849975586
1180,138.405017123,train,1,20.69268798828125
1180,138.405017123,train,2,21.52820587158203
1180,138.405017123,train,3,28.42630386352539
1190,139.55135510600002,train,0,21.029603958129883
1190,139.55135510600002,train,1,20.681486129760742
1190,139.55135510600002,train,2,21.54273223876953
1190,139.55135510600002,train,3,28.428754806518555
1200,140.698140547,train,0,21.02482795715332
1200,140.698140547,train,1,20.669647216796875
1200,140.698140547,train,2,21.49575424194336
1200,140.698140547,train,3,28.43807601928711
1200,140.738851086,valid,0,21.025104522705078
1200,140.738851086,valid,1,20.683591842651367
1200,140.738851086,valid,2,21.58831024169922
1200,140.738851086,valid,3,28.435546875
1210,141.886126497,train,0,21.017580032348633
1210,141.886126497,train,1,20.655975341796875
1210,141.886126497,train,2,21.474327087402344
1210,141.886126497,train,3,28.44746971130371
1220,143.03312339000001,train,0,21.011066436767578
1220,143.03312339000001,train,1,20.64569664001465
1220,143.03312339000001,train,2,21.461549758911133
1220,143.03312339000001,train,3,28.454069137573242
1230,144.179841331,train,0,21.003623962402344
1230,144.179841331,train,1,20.645496368408203
1230,144.179841331,train,2,21.527976989746094
1230,144.179841331,train,3,28.458906173706055
1240,145.326166868,train,0,20.997684478759766
1240,145.326166868,train,1,20.628835678100586
1240,145.326166868,train,2,21.48644256591797
1240,145.326166868,train,3,28.458450317382812
1250,146.47258710100002,train,0,20.99138641357422
1250,146.47258710100002,train,1,20.61311149597168
1250,146.47258710100002,train,2,21.404510498046875
1250,146.47258710100002,train,3,28.462480545043945
1260,147.619773773,train,0,20.984683990478516
1260,147.619773773,train,1,20.603836059570312
1260,147.619773773,train,2,21.383651733398438
1260,147.619773773,train,3,28.46685028076172
1270,148.76631057400002,train,0,20.976667404174805
1270,148.76631057400002,train,1,20.600074768066406
1270,148.76631057400002,train,2,21.43976593017578
1270,148.76631057400002,train,3,28.480167388916016
1280,149.915207657,train,0,20.97092056274414
1280,149.915207657,train,1,20.58615493774414
1280,149.915207657,train,2,21.38421058654785
1280,149.915207657,train,3,28.47757911682129
1290,151.061620887,train,0,20.9635066986084
1290,151.061620887,train,1,20.58198356628418
1290,151.061620887,train,2,21.441089630126953
1290,151.061620887,train,3,28.487159729003906
1300,152.209703266,train,0,20.95433807373047
1300,152.209703266,train,1,20.55987548828125
1300,152.209703266,train,2,21.320940017700195
1300,152.209703266,train,3,28.49862289428711
1300,152.250291646,valid,0,20.954381942749023
1300,152.250291646,valid,1,20.56603240966797
1300,152.250291646,valid,2,21.366586685180664
1300,152.250291646,valid,3,28.49655532836914
1310,153.396914681,train,0,20.948421478271484
1310,153.396914681,train,1,20.556758880615234
1310,153.396914681,train,2,21.394733428955078
1310,153.396914681,train,3,28.513580322265625
1320,154.543617895,train,0,20.940990447998047
1320,154.543617895,train,1,20.54125213623047
1320,154.543617895,train,2,21.351055145263672
1320,154.543617895,train,3,28.508136749267578
1330,155.690321303,train,0,20.93412971496582
1330,155.690321303,train,1,20.529634475708008
1330,155.690321303,train,2,21.26962661743164
1330,155.690321303,train,3,28.513748168945312
1340,156.836585437,train,0,20.92828369140625
1340,156.836585437,train,1,20.53074836730957
1340,156.836585437,train,2,21.352455139160156
1340,156.836585437,train,3,28.52979850769043
1350,157.98373523,train,0,20.92058563232422
1350,157.98373523,train,1,20.50641632080078
1350,157.98373523,train,2,21.24945640563965
1350,157.98373523,train,3,28.530685424804688
1360,159.130169906,train,0,20.913854598999023
1360,159.130169906,train,1,20.49492073059082
1360,159.130169906,train,2,21.249427795410156
1360,159.130169906,train,3,28.52924346923828
1370,160.277059076,train,0,20.906484603881836
1370,160.277059076,train,1,20.486801147460938
1370,160.277059076,train,2,21.24687957763672
1370,160.277059076,train,3,28.52507972717285
1380,161.424394518,train,0,20.90018081665039
1380,161.424394518,train,1,20.477651596069336
1380,161.424394518,train,2,21.209171295166016
1380,161.424394518,train,3,28.54299545288086
1390,162.573235745,train,0,20.895029067993164
1390,162.573235745,train,1,20.4615535736084
1390,162.573235745,train,2,21.190235137939453
1390,162.573235745,train,3,28.541908264160156
1400,163.722127932,train,0,20.887638092041016
1400,163.722127932,train,1,20.458463668823242
1400,163.722127932,train,2,21.168231964111328
1400,163.722127932,train,3,28.539602279663086
1400,163.762684172,valid,0,20.886493682861328
1400,163.762684172,valid,1,20.46208953857422
1400,163.762684172,valid,2,21.1796875
1400,163.762684172,valid,3,28.546199798583984
1410,164.909457341,train,0,20.877300262451172
1410,164.909457341,train,1,20.450252532958984
1410,164.909457341,train,2,21.161270141601562
1410,164.909457341,train,3,28.543188095092773
1420,166.055671065,train,0,20.868301391601562
1420,166.055671065,train,1,20.438905715942383
1420,166.055671065,train,2,21.183542251586914
1420,166.055671065,train,3,28.53322982788086
1430,167.202650958,train,0,20.85944175720215
1430,167.202650958,train,1,20.420536041259766
1430,167.202650958,train,2,21.172016143798828
1430,167.202650958,train,3,28.534231185913086
1440,168.352124786,train,0,20.852096557617188
1440,168.352124786,train,1,20.404903411865234
1440,168.352124786,train,2,21.111398696899414
1440,168.352124786,train,3,28.52483367919922
1450,169.49987649300002,train,0,20.84400177001953
1450,169.49987649300002,train,1,20.399463653564453
1450,169.49987649300002,train,2,21.159812927246094
1450,169.49987649300002,train,3,28.541324615478516
1460,170.64694705,train,0,20.833637237548828
1460,170.64694705,train,1,20.396255493164062
1460,170.64694705,train,2,21.196086883544922
1460,170.64694705,train,3,28.527870178222656
1470,171.79370615300002,train,0,20.82322883605957
1470,171.79370615300002,train,1,20.389690399169922
1470,171.79370615300002,train,2,21.148286819458008
1470,171.79370615300002,train,3,28.546573638916016
1480,172.94083879800002,train,0,20.81586456298828
1480,172.94083879800002,train,1,20.367027282714844
1480,172.94083879800002,train,2,21.0445499420166
1480,172.94083879800002,train,3,28.533695220947266
1490,174.088836427,train,0,20.807735443115234
1490,174.088836427,train,1,20.356077194213867
1490,174.088836427,train,2,21.098506927490234
1490,174.088836427,train,3,28.548582077026367
1500,175.235946437,train,0,20.803024291992188
1500,175.235946437,train,1,20.351337432861328
1500,175.235946437,train,2,21.017784118652344
1500,175.235946437,train,3,28.547382354736328
1500,175.276139342,valid,0,20.803150177001953
1500,175.276139342,valid,1,20.345993041992188
1500,175.276139342,valid,2,21.009078979492188
1500,175.276139342,valid,3,28.54042625427246
1510,176.422558528,train,0,20.795970916748047
1510,176.422558528,train,1,20.3446044921875
1510,176.422558528,train,2,21.08563232421875
1510,176.422558528,train,3,28.560749053955078
1520,177.56955833,train,0,20.78874969482422
1520,177.56955833,train,1,20.326557159423828
1520,177.56955833,train,2,20.96205711364746
1520,177.56955833,train,3,28.551158905029297
1530,178.715953995,train,0,20.782564163208008
1530,178.715953995,train,1,20.317777633666992
1530,178.715953995,train,2,21.02741241455078
1530,178.715953995,train,3,28.549104690551758
1540,179.862530687,train,0,20.77400779724121
1540,179.862530687,train,1,20.308170318603516
1540,179.862530687,train,2,21.008779525756836
1540,179.862530687,train,3,28.562976837158203
1550,181.008747484,train,0,20.768770217895508
1550,181.008747484,train,1,20.293380737304688
1550,181.008747484,train,2,20.960002899169922
1550,181.008747484,train,3,28.553760528564453
1560,182.155157357,train,0,20.759929656982422
1560,182.155157357,train,1,20.29470443725586
1560,182.155157357,train,2,21.029159545898438
1560,182.155157357,train,3,28.547962188720703
1570,183.30176202,train,0,20.751800537109375
1570,183.30176202,train,1,20.279186248779297
1570,183.30176202,train,2,20.917991638183594
1570,183.30176202,train,3,28.539470672607422
1580,184.449511929,train,0,20.742786407470703
1580,184.449511929,train,1,20.27733039855957
1580,184.449511929,train,2,21.021484375
1580,184.449511929,train,3,28.549358367919922
1590,185.598104611,train,0,20.734317779541016
1590,185.598104611,train,1,20.268606185913086
1590,185.598104611,train,2,20.89585304260254
1590,185.598104611,train,3,28.550222396850586
1600,186.74496891500002,train,0,20.72449493408203
1600,186.74496891500002,train,1,20.24738121032715
1600,186.74496891500002,train,2,20.903949737548828
1600,186.74496891500002,train,3,28.545137405395508
1600,186.786129967,valid,0,20.72464942932129
1600,186.786129967,valid,1,20.25458526611328
1600,186.786129967,valid,2,20.908214569091797
1600,186.786129967,valid,3,28.555011749267578
1610,187.932618902,train,0,20.718875885009766
1610,187.932618902,train,1,20.243656158447266
1610,187.932618902,train,2,20.837282180786133
1610,187.932618902,train,3,28.536569595336914
1620,189.079938666,train,0,20.71074676513672
1620,189.079938666,train,1,20.239730834960938
1620,189.079938666,train,2,20.830772399902344
1620,189.079938666,train,3,28.52098846435547
1630,190.227202454,train,0,20.703401565551758
1630,190.227202454,train,1,20.233734130859375
1630,190.227202454,train,2,20.976974487304688
1630,190.227202454,train,3,28.544992446899414
1640,191.37496224,train,0,20.696073532104492
1640,191.37496224,train,1,20.2216739654541
1640,191.37496224,train,2,20.842586517333984
1640,191.37496224,train,3,28.53167152404785
1650,192.522645182,train,0,20.688854217529297
1650,192.522645182,train,1,20.215009689331055
1650,192.522645182,train,2,20.865304946899414
1650,192.522645182,train,3,28.533523559570312
1660,193.671781738,train,0,20.680070877075195
1660,193.671781738,train,1,20.205204010009766
1660,193.671781738,train,2,20.902645111083984
1660,193.671781738,train,3,28.506919860839844
1670,194.819244135,train,0,20.673646926879883
1670,194.819244135,train,1,20.194976806640625
1670,194.819244135,train,2,20.798629760742188
1670,194.819244135,train,3,28.513198852539062
1680,195.966963727,train,0,20.663970947265625
1680,195.966963727,train,1,20.181856155395508
1680,195.966963727,train,2,20.836376190185547
1680,195.966963727,train,3,28.513357162475586
1690,197.113654909,train,0,20.652698516845703
1690,197.113654909,train,1,20.181495666503906
1690,197.113654909,train,2,20.793718338012695
1690,197.113654909,train,3,28.50072479248047
1700,198.260704686,train,0,20.642574310302734
1700,198.260704686,train,1,20.16660499572754
1700,198.260704686,train,2,20.763702392578125
1700,198.260704686,train,3,28.507183074951172
1700,198.301143007,valid,0,20.641637802124023
1700,198.301143007,valid,1,20.175668716430664
1700,198.301143007,valid,2,20.804622650146484
1700,198.301143007,valid,3,28.515338897705078
1710,199.44941264,train,0,20.633956909179688
1710,199.44941264,train,1,20.152294158935547
1710,199.44941264,train,2,20.70901107788086
1710,199.44941264,train,3,28.511157989501953
1720,200.596987274,train,0,20.625377655029297
1720,200.596987274,train,1,20.152111053466797
1720,200.596987274,train,2,20.835525512695312
1720,200.596987274,train,3,28.506439208984375
1730,201.745301214,train,0,20.61467933654785
1730,201.745301214,train,1,20.14219856262207
1730,201.745301214,train,2,20.734485626220703
1730,201.745301214,train,3,28.51040267944336
1740,202.894217362,train,0,20.60924530029297
1740,202.894217362,train,1,20.137836456298828
1740,202.894217362,train,2,20.709314346313477
1740,202.894217362,train,3,28.47934341430664
1750,204.043823744,train,0,20.6000919342041
1750,204.043823744,train,1,20.13311004638672
1750,204.043823744,train,2,20.76382827758789
1750,204.043823744,train,3,28.50128936767578
1760,205.192885228,train,0,20.59075164794922
1760,205.192885228,train,1,20.12015724182129
1760,205.192885228,train,2,20.778934478759766
1760,205.192885228,train,3,28.515968322753906
1770,206.339566607,train,0,20.58316421508789
1770,206.339566607,train,1,20.104557037353516
1770,206.339566607,train,2,20.666475296020508
1770,206.339566607,train,3,28.500144958496094
1780,207.486379984,train,0,20.573265075683594
1780,207.486379984,train,1,20.10675811767578
1780,207.486379984,train,2,20.777132034301758
1780,207.486379984,train,3,28.480600357055664
1790,208.63579890900002,train,0,20.565208435058594
1790,208.63579890900002,train,1,20.09743881225586
1790,208.63579890900002,train,2,20.661632537841797
1790,208.63579890900002,train,3,28.46139144897461
1800,209.78563843,train,0,20.556411743164062
1800,209.78563843,train,1,20.077964782714844
1800,209.78563843,train,2,20.59390640258789
1800,209.78563843,train,3,28.432819366455078
1800,209.826801841,valid,0,20.5546817779541
1800,209.826801841,valid,1,20.092103958129883
1800,209.826801841,valid,2,20.706613540649414
1800,209.826801841,valid,3,28.421302795410156
1810,210.97875835600001,train,0,20.5482177734375
1810,210.97875835600001,train,1,20.075397491455078
1810,210.97875835600001,train,2,20.605487823486328
1810,210.97875835600001,train,3,28.471168518066406
1820,212.12868609400002,train,0,20.540523529052734
1820,212.12868609400002,train,1,20.071006774902344
1820,212.12868609400002,train,2,20.627670288085938
1820,212.12868609400002,train,3,28.464500427246094
1830,213.276691289,train,0,20.530479431152344
1830,213.276691289,train,1,20.07860565185547
1830,213.276691289,train,2,20.677724838256836
1830,213.276691289,train,3,28.460487365722656
1840,214.423328371,train,0,20.52029800415039
1840,214.423328371,train,1,20.05579376220703
1840,214.423328371,train,2,20.6407470703125
1840,214.423328371,train,3,28.421249389648438
1850,215.571050235,train,0,20.510005950927734
1850,215.571050235,train,1,20.036052703857422
1850,215.571050235,train,2,20.667449951171875
1850,215.571050235,train,3,28.47724151611328
1860,216.718453669,train,0,20.500587463378906
1860,216.718453669,train,1,20.039852142333984
1860,216.718453669,train,2,20.66352081298828
1860,216.718453669,train,3,28.445026397705078
1870,217.866931677,train,0,20.490880966186523
1870,217.866931677,train,1,20.02288818359375
1870,217.866931677,train,2,20.611927032470703
1870,217.866931677,train,3,28.475460052490234
1880,219.017226543,train,0,20.480735778808594
1880,219.017226543,train,1,20.012168884277344
1880,219.017226543,train,2,20.624038696289062
1880,219.017226543,train,3,28.401084899902344
1890,220.164799016,train,0,20.47146987915039
1890,220.164799016,train,1,20.027538299560547
1890,220.164799016,train,2,20.64457893371582
1890,220.164799016,train,3,28.41077995300293
1900,221.31174799800002,train,0,20.463603973388672
1900,221.31174799800002,train,1,20.005035400390625
1900,221.31174799800002,train,2,20.584014892578125
1900,221.31174799800002,train,3,28.43548583984375
1900,221.352182048,valid,0,20.46207046508789
1900,221.352182048,valid,1,20.007816314697266
1900,221.352182048,valid,2,20.614763259887695
1900,221.352182048,valid,3,28.42296600341797
1910,222.500473627,train,0,20.455156326293945
1910,222.500473627,train,1,20.010116577148438
1910,222.500473627,train,2,20.555160522460938
1910,222.500473627,train,3,28.412246704101562
1920,223.64730028900001,train,0,20.4427490234375
1920,223.64730028900001,train,1,19.993398666381836
1920,223.64730028900001,train,2,20.580852508544922
1920,223.64730028900001,train,3,28.416004180908203
1930,224.795022948,train,0,20.434364318847656
1930,224.795022948,train,1,19.990249633789062
1930,224.795022948,train,2,20.514007568359375
1930,224.795022948,train,3,28.3538818359375
1940,225.941988297,train,0,20.423301696777344
1940,225.941988297,train,1,19.974925994873047
1940,225.941988297,train,2,20.45296287536621
1940,225.941988297,train,3,28.4199275970459
1950,227.089648741,train,0,20.410633087158203
1950,227.089648741,train,1,19.972122192382812
1950,227.089648741,train,2,20.408180236816406
1950,227.089648741,train,3,28.348529815673828
1960,228.235640184,train,0,20.401365280151367
1960,228.235640184,train,1,19.975793838500977
1960,228.235640184,train,2,20.58658790588379
1960,228.235640184,train,3,28.367584228515625
1970,229.38178585400001,train,0,20.393939971923828
1970,229.38178585400001,train,1,19.960926055908203
1970,229.38178585400001,train,2,20.475360870361328
1970,229.38178585400001,train,3,28.36258316040039
1980,230.5295056,train,0,20.385547637939453
1980,230.5295056,train,1,19.953615188598633
1980,230.5295056,train,2,20.49645233154297
1980,230.5295056,train,3,28.41875648498535
1990,231.676573797,train,0,20.37472915649414
1990,231.676573797,train,1,19.948875427246094
1990,231.676573797,train,2,20.453943252563477
1990,231.676573797,train,3,28.35829734802246
2000,232.823904383,train,0,20.361989974975586
2000,232.823904383,train,1,19.93405532836914
2000,232.823904383,train,2,20.443836212158203
2000,232.823904383,train,3,28.35943603515625
2000,232.86450252,valid,0,20.361440658569336
2000,232.86450252,valid,1,19.942800521850586
2000,232.86450252,valid,2,20.50844383239746
2000,232.86450252,valid,3,28.34349822998047
2010,234.012433059,train,0,20.35558319091797
2010,234.012433059,train,1,19.938278198242188
2010,234.012433059,train,2,20.371440887451172
2010,234.012433059,train,3,28.324119567871094
2020,235.160750459,train,0,20.344219207763672
2020,235.160750459,train,1,19.934478759765625
2020,235.160750459,train,2,20.368886947631836
2020,235.160750459,train,3,28.30824089050293
2030,236.307512879,train,0,20.331748962402344
2030,236.307512879,train,1,19.919631958007812
2030,236.307512879,train,2,20.41301155090332
2030,236.307512879,train,3,28.413393020629883
2040,237.454476447,train,0,20.320148468017578
2040,237.454476447,train,1,19.912715911865234
2040,237.454476447,train,2,20.383441925048828
2040,237.454476447,train,3,28.437175750732422
2050,238.600466989,train,0,20.310508728027344
2050,238.600466989,train,1,19.903514862060547
2050,238.600466989,train,2,20.41440200805664
2050,238.600466989,train,3,28.362091064453125
2060,239.747145685,train,0,20.301040649414062
2060,239.747145685,train,1,19.903518676757812
2060,239.747145685,train,2,20.319942474365234
2060,239.747145685,train,3,28.326419830322266
2070,240.893371835,train,0,20.289194107055664
2070,240.893371835,train,1,19.900733947753906
2070,240.893371835,train,2,20.38935089111328
2070,240.893371835,train,3,28.296295166015625
2080,242.040000591,train,0,20.27778434753418
2080,242.040000591,train,1,19.874860763549805
2080,242.040000591,train,2,20.336097717285156
2080,242.040000591,train,3,28.34178352355957
2090,243.186781292,train,0,20.268409729003906
2090,243.186781292,train,1,19.86697006225586
2090,243.186781292,train,2,20.391754150390625
2090,243.186781292,train,3,28.312150955200195
2100,244.33300776800002,train,0,20.256086349487305
2100,244.33300776800002,train,1,19.87969970703125
2100,244.33300776800002,train,2,20.451602935791016
2100,244.33300776800002,train,3,28.335905075073242
2100,244.37327764900002,valid,0,20.256481170654297
2100,244.37327764900002,valid,1,19.876005172729492
2100,244.37327764900002,valid,2,20.380708694458008
2100,244.37327764900002,valid,3,28.260286331176758
2110,245.520983929,train,0,20.24835968017578
2110,245.520983929,train,1,19.86642837524414
2110,245.520983929,train,2,20.349132537841797
2110,245.520983929,train,3,28.339096069335938
2120,246.666932154,train,0,20.237323760986328
2120,246.666932154,train,1,19.87281608581543
2120,246.666932154,train,2,20.52313232421875
2120,246.666932154,train,3,28.266544342041016
2130,247.813920878,train,0,20.22799301147461
2130,247.813920878,train,1,19.855812072753906
2130,247.813920878,train,2,20.389204025268555
2130,247.813920878,train,3,28.243452072143555
2140,248.960526134,train,0,20.218021392822266
2140,248.960526134,train,1,19.85727310180664
2140,248.960526134,train,2,20.33808135986328
2140,248.960526134,train,3,28.263702392578125
2150,250.107866436,train,0,20.207298278808594
2150,250.107866436,train,1,19.841869354248047
2150,250.107866436,train,2,20.320308685302734
2150,250.107866436,train,3,28.277938842773438
2160,251.255174361,train,0,20.195735931396484
2160,251.255174361,train,1,19.84480857849121
2160,251.255174361,train,2,20.37251091003418
2160,251.255174361,train,3,28.25688934326172
2170,252.401157141,train,0,20.1853084564209
2170,252.401157141,train,1,19.82756996154785
2170,252.401157141,train,2,20.25143814086914
2170,252.401157141,train,3,28.235729217529297
2180,253.54902913,train,0,20.172718048095703
2180,253.54902913,train,1,19.825029373168945
2180,253.54902913,train,2,20.284408569335938
2180,253.54902913,train,3,28.233640670776367
2190,254.695448334,train,0,20.161102294921875
2190,254.695448334,train,1,19.819622039794922
2190,254.695448334,train,2,20.264404296875
2190,254.695448334,train,3,28.18560791015625
2200,255.841856227,train,0,20.1524658203125
2200,255.841856227,train,1,19.819961547851562
2200,255.841856227,train,2,20.28368377685547
2200,255.841856227,train,3,28.289627075195312
2200,255.88253581100003,valid,0,20.149826049804688
2200,255.88253581100003,valid,1,19.821413040161133
2200,255.88253581100003,valid,2,20.288345336914062
2200,255.88253581100003,valid,3,28.144325256347656
2210,257.029672979,train,0,20.140186309814453
2210,257.029672979,train,1,19.79712677001953
2210,257.029672979,train,2,20.17053985595703
2210,257.029672979,train,3,28.210662841796875
2220,258.177164713,train,0,20.12866973876953
2220,258.177164713,train,1,19.79977035522461
2220,258.177164713,train,2,20.139129638671875
2220,258.177164713,train,3,28.17624282836914
2230,259.323699706,train,0,20.11809539794922
2230,259.323699706,train,1,19.80040740966797
2230,259.323699706,train,2,20.239913940429688
2230,259.323699706,train,3,28.240806579589844
2240,260.471025979,train,0,20.104961395263672
2240,260.471025979,train,1,19.780261993408203
2240,260.471025979,train,2,20.236202239990234
2240,260.471025979,train,3,28.24118423461914
2250,261.61770184200003,train,0,20.094348907470703
2250,261.61770184200003,train,1,19.780475616455078
2250,261.61770184200003,train,2,20.208072662353516
2250,261.61770184200003,train,3,28.1402587890625
2260,262.76463207300003,train,0,20.0844783782959
2260,262.76463207300003,train,1,19.771940231323242
2260,262.76463207300003,train,2,20.220260620117188
2260,262.76463207300003,train,3,28.133779525756836
2270,263.913631076,train,0,20.072826385498047
2270,263.913631076,train,1,19.771839141845703
2270,263.913631076,train,2,20.18572235107422
2270,263.913631076,train,3,28.14539337158203
2280,265.064579211,train,0,20.06212615966797
2280,265.064579211,train,1,19.760425567626953
2280,265.064579211,train,2,20.211292266845703
2280,265.064579211,train,3,28.196548461914062
2290,266.210507121,train,0,20.048728942871094
2290,266.210507121,train,1,19.751930236816406
2290,266.210507121,train,2,20.231853485107422
2290,266.210507121,train,3,28.01675796508789
2300,267.356830518,train,0,20.040164947509766
2300,267.356830518,train,1,19.747224807739258
2300,267.356830518,train,2,20.20200538635254
2300,267.356830518,train,3,28.100364685058594
2300,267.398229455,valid,0,20.039287567138672
2300,267.398229455,valid,1,19.74920654296875
2300,267.398229455,valid,2,20.185089111328125
2300,267.398229455,valid,3,28.08847427368164
2310,268.545025231,train,0,20.031944274902344
2310,268.545025231,train,1,19.74081039428711
2310,268.545025231,train,2,20.110822677612305
2310,268.545025231,train,3,28.072372436523438
2320,269.691582817,train,0,20.019010543823242
2320,269.691582817,train,1,19.73394203186035
2320,269.691582817,train,2,20.295860290527344
2320,269.691582817,train,3,28.129194259643555
2330,270.838045625,train,0,20.008480072021484
2330,270.838045625,train,1,19.72338104248047
2330,270.838045625,train,2,20.209794998168945
2330,270.838045625,train,3,28.143823623657227
2340,271.984243777,train,0,19.996288299560547
2340,271.984243777,train,1,19.720746994018555
2340,271.984243777,train,2,20.201082229614258
2340,271.984243777,train,3,28.17555809020996
2350,273.130189276,train,0,19.988666534423828
2350,273.130189276,train,1,19.718856811523438
2350,273.130189276,train,2,20.338104248046875
2350,273.130189276,train,3,28.107746124267578
2360,274.27645493800003,train,0,19.978893280029297
2360,274.27645493800003,train,1,19.703449249267578
2360,274.27645493800003,train,2,20.149394989013672
2360,274.27645493800003,train,3,28.024471282958984
2370,275.42284064300003,train,0,19.964767456054688
2370,275.42284064300003,train,1,19.699588775634766
2370,275.42284064300003,train,2,20.169696807861328
2370,275.42284064300003,train,3,28.06334114074707
2380,276.569056443,train,0,19.956480026245117
2380,276.569056443,train,1,19.70193099975586
2380,276.569056443,train,2,20.295455932617188
2380,276.569056443,train,3,28.059429168701172
2390,277.715551411,train,0,19.944873809814453
2390,277.715551411,train,1,19.6893310546875
2390,277.715551411,train,2,20.218814849853516
2390,277.715551411,train,3,28.04463768005371
2400,278.86212588,train,0,19.932411193847656
2400,278.86212588,train,1,19.686630249023438
2400,278.86212588,train,2,20.12261962890625
2400,278.86212588,train,3,28.016016006469727
2400,278.902801625,valid,0,19.93023681640625
2400,278.902801625,valid,1,19.67596435546875
2400,278.902801625,valid,2,20.1158447265625
2400,278.902801625,valid,3,28.053565979003906
2410,280.049459781,train,0,19.920276641845703
2410,280.049459781,train,1,19.68120002746582
2410,280.049459781,train,2,20.040626525878906
2410,280.049459781,train,3,27.886642456054688
2420,281.198043498,train,0,19.908554077148438
2420,281.198043498,train,1,19.64966583251953
2420,281.198043498,train,2,20.05105209350586
2420,281.198043498,train,3,28.0712890625
2430,282.344925044,train,0,19.89944839477539
2430,282.344925044,train,1,19.669677734375
2430,282.344925044,train,2,20.14588737487793
2430,282.344925044,train,3,28.100040435791016
2440,283.491810572,train,0,19.888334274291992
2440,283.491810572,train,1,19.668567657470703
2440,283.491810572,train,2,20.119102478027344
2440,283.491810572,train,3,27.996315002441406
2450,284.637875043,train,0,19.879117965698242
2450,284.637875043,train,1,19.662599563598633
2450,284.637875043,train,2,20.064218521118164
2450,284.637875043,train,3,27.95325469970703
2460,285.78410599,train,0,19.866422653198242
2460,285.78410599,train,1,19.647247314453125
2460,285.78410599,train,2,20.116439819335938
2460,285.78410599,train,3,28.066486358642578
2470,286.930368654,train,0,19.855825424194336
2470,286.930368654,train,1,19.656410217285156
2470,286.930368654,train,2,20.102924346923828
2470,286.930368654,train,3,27.9374942779541
2480,288.076842544,train,0,19.843637466430664
2480,288.076842544,train,1,19.641267776489258
2480,288.076842544,train,2,19.996578216552734
2480,288.076842544,train,3,27.944988250732422
2490,289.223656584,train,0,19.831974029541016
2490,289.223656584,train,1,19.630823135375977
2490,289.223656584,train,2,20.036075592041016
2490,289.223656584,train,3,27.995302200317383
2500,290.369684543,train,0,19.82211685180664
2500,290.369684543,train,1,19.631175994873047
2500,290.369684543,train,2,20.044696807861328
2500,290.369684543,train,3,27.987327575683594
2500,290.409862533,valid,0,19.822160720825195
2500,290.409862533,valid,1,19.653961181640625
2500,290.409862533,valid,2,20.128101348876953
2500,290.409862533,valid,3,27.939733505249023
2510,291.556040022,train,0,19.812698364257812
2510,291.556040022,train,1,19.63735580444336
2510,291.556040022,train,2,20.04441261291504
2510,291.556040022,train,3,27.941822052001953
2520,292.702394793,train,0,19.798931121826172
2520,292.702394793,train,1,19.61224365234375
2520,292.702394793,train,2,19.910900115966797
2520,292.702394793,train,3,27.88833236694336
2530,293.849672528,train,0,19.78811264038086
2530,293.849672528,train,1,19.6107177734375
2530,293.849672528,train,2,20.019813537597656
2530,293.849672528,train,3,27.96675682067871
2540,294.997315796,train,0,19.780452728271484
2540,294.997315796,train,1,19.604759216308594
2540,294.997315796,train,2,20.010608673095703
2540,294.997315796,train,3,27.94160270690918
2550,296.146779676,train,0,19.77086639404297
2550,296.146779676,train,1,19.596834182739258
2550,296.146779676,train,2,20.067584991455078
2550,296.146779676,train,3,27.929977416992188
2560,297.293485071,train,0,19.75760841369629
2560,297.293485071,train,1,19.602933883666992
2560,297.293485071,train,2,20.003826141357422
2560,297.293485071,train,3,27.861820220947266
2570,298.440637059,train,0,19.750415802001953
2570,298.440637059,train,1,19.604642868041992
2570,298.440637059,train,2,20.01061248779297
2570,298.440637059,train,3,27.96222686767578
2580,299.587033212,train,0,19.73649787902832
2580,299.587033212,train,1,19.577285766601562
2580,299.587033212,train,2,20.074138641357422
2580,299.587033212,train,3,27.865833282470703
2590,300.734905991,train,0,19.724842071533203
2590,300.734905991,train,1,19.574750900268555
2590,300.734905991,train,2,20.026840209960938
2590,300.734905991,train,3,27.935028076171875
2600,301.881171392,train,0,19.717376708984375
2600,301.881171392,train,1,19.567564010620117
2600,301.881171392,train,2,19.92673110961914
2600,301.881171392,train,3,27.838075637817383
2600,301.921601898,valid,0,19.718793869018555
2600,301.921601898,valid,1,19.56755828857422
2600,301.921601898,valid,2,19.98259162902832
2600,301.921601898,valid,3,27.948575973510742
2610,303.067898742,train,0,19.706632614135742
2610,303.067898742,train,1,19.556018829345703
2610,303.067898742,train,2,19.892578125
2610,303.067898742,train,3,27.865623474121094
2620,304.21382267,train,0,19.69683074951172
2620,304.21382267,train,1,19.560626983642578
2620,304.21382267,train,2,19.863298416137695
2620,304.21382267,train,3,27.749652862548828
2630,305.359886464,train,0,19.689437866210938
2630,305.359886464,train,1,19.568328857421875
2630,305.359886464,train,2,19.93235969543457
2630,305.359886464,train,3,27.831451416015625
2640,306.50638538100003,train,0,19.675443649291992
2640,306.50638538100003,train,1,19.562999725341797
2640,306.50638538100003,train,2,20.112030029296875
2640,306.50638538100003,train,3,27.899349212646484
2650,307.652936276,train,0,19.661386489868164
2650,307.652936276,train,1,19.54102325439453
2650,307.652936276,train,2,19.883872985839844
2650,307.652936276,train,3,27.80083656311035
2660,308.799453756,train,0,19.651519775390625
2660,308.799453756,train,1,19.54776954650879
2660,308.799453756,train,2,19.961925506591797
2660,308.799453756,train,3,27.826126098632812
2670,309.947764055,train,0,19.641468048095703
2670,309.947764055,train,1,19.54033088684082
2670,309.947764055,train,2,19.991806030273438
2670,309.947764055,train,3,27.79430389404297
2680,311.095438363,train,0,19.628559112548828
2680,311.095438363,train,1,19.535316467285156
2680,311.095438363,train,2,19.973968505859375
2680,311.095438363,train,3,27.703954696655273
2690,312.241551108,train,0,19.61927032470703
2690,312.241551108,train,1,19.530210494995117
2690,312.241551108,train,2,19.959779739379883
2690,312.241551108,train,3,27.835346221923828
2700,313.387483813,train,0,19.60968780517578
2700,313.387483813,train,1,19.525867462158203
2700,313.387483813,train,2,19.933523178100586
2700,313.387483813,train,3,27.752958297729492
2700,313.42786852,valid,0,19.608762741088867
2700,313.42786852,valid,1,19.529590606689453
2700,313.42786852,valid,2,19.955345153808594
2700,313.42786852,valid,3,27.678678512573242
2710,314.574406591,train,0,19.598901748657227
2710,314.574406591,train,1,19.512413024902344
2710,314.574406591,train,2,19.945358276367188
2710,314.574406591,train,3,27.759334564208984
2720,315.72044791,train,0,19.585872650146484
2720,315.72044791,train,1,19.513118743896484
2720,315.72044791,train,2,19.95360565185547
2720,315.72044791,train,3,27.759967803955078
2730,316.86642165,train,0,19.57710075378418
2730,316.86642165,train,1,19.507232666015625
2730,316.86642165,train,2,19.92681121826172
2730,316.86642165,train,3,27.742210388183594
2740,318.012568988,train,0,19.565956115722656
2740,318.012568988,train,1,19.488828659057617
2740,318.012568988,train,2,19.904285430908203
2740,318.012568988,train,3,27.83916473388672
2750,319.158967267,train,0,19.555818557739258
2750,319.158967267,train,1,19.504419326782227
2750,319.158967267,train,2,19.918136596679688
2750,319.158967267,train,3,27.789762496948242
2760,320.305609935,train,0,19.544130325317383
2760,320.305609935,train,1,19.474456787109375
2760,320.305609935,train,2,19.94642448425293
2760,320.305609935,train,3,27.777156829833984
2770,321.451585586,train,0,19.535354614257812
2770,321.451585586,train,1,19.47986602783203
2770,321.451585586,train,2,19.863985061645508
2770,321.451585586,train,3,27.849008560180664
2780,322.598428892,train,0,19.52191925048828
2780,322.598428892,train,1,19.48615074157715
2780,322.598428892,train,2,19.80545997619629
2780,322.598428892,train,3,27.746746063232422
2790,323.744601951,train,0,19.51120376586914
2790,323.744601951,train,1,19.462812423706055
2790,323.744601951,train,2,19.75420379638672
2790,323.744601951,train,3,27.668323516845703
2800,324.891115508,train,0,19.502092361450195
2800,324.891115508,train,1,19.47115707397461
2800,324.891115508,train,2,19.844478607177734
2800,324.891115508,train,3,27.763248443603516
2800,324.931740411,valid,0,19.501115798950195
2800,324.931740411,valid,1,19.461225509643555
2800,324.931740411,valid,2,19.908409118652344
2800,324.931740411,valid,3,27.830045700073242
2810,326.078243001,train,0,19.49288558959961
2810,326.078243001,train,1,19.46820068359375
2810,326.078243001,train,2,19.838844299316406
2810,326.078243001,train,3,27.710880279541016
2820,327.226399389,train,0,19.482040405273438
2820,327.226399389,train,1,19.458152770996094
2820,327.226399389,train,2,19.929569244384766
2820,327.226399389,train,3,27.80356216430664
2830,328.374717912,train,0,19.470745086669922
2830,328.374717912,train,1,19.46731185913086
2830,328.374717912,train,2,19.86676788330078
2830,328.374717912,train,3,27.675495147705078
2840,329.522958839,train,0,19.463327407836914
2840,329.522958839,train,1,19.44507598876953
2840,329.522958839,train,2,19.752676010131836
2840,329.522958839,train,3,27.538110733032227
2850,330.670225042,train,0,19.452213287353516
2850,330.670225042,train,1,19.4473934173584
2850,330.670225042,train,2,19.884212493896484
2850,330.670225042,train,3,27.661657333374023
2860,331.816301207,train,0,19.439922332763672
2860,331.816301207,train,1,19.44194984436035
2860,331.816301207,train,2,19.777870178222656
2860,331.816301207,train,3,27.697586059570312
2870,332.963284729,train,0,19.428016662597656
2870,332.963284729,train,1,19.4334774017334
2870,332.963284729,train,2,19.80788803100586
2870,332.963284729,train,3,27.62527084350586
2880,334.11053136,train,0,19.418712615966797
2880,334.11053136,train,1,19.422325134277344
2880,334.11053136,train,2,19.73028564453125
2880,334.11053136,train,3,27.5009765625
2890,335.257207947,train,0,19.4078311920166
2890,335.257207947,train,1,19.416793823242188
2890,335.257207947,train,2,19.790884017944336
2890,335.257207947,train,3,27.65021324157715
2900,336.403498593,train,0,19.39276123046875
2900,336.403498593,train,1,19.410356521606445
2900,336.403498593,train,2,19.794694900512695
2900,336.403498593,train,3,27.651653289794922
2900,336.444015379,valid,0,19.391874313354492
2900,336.444015379,valid,1,19.408531188964844
2900,336.444015379,valid,2,19.79682731628418
2900,336.444015379,valid,3,27.699546813964844
2910,337.591932621,train,0,19.383853912353516
2910,337.591932621,train,1,19.41283416748047
2910,337.591932621,train,2,19.81439971923828
2910,337.591932621,train,3,27.550151824951172
2920,338.740257254,train,0,19.371395111083984
2920,338.740257254,train,1,19.403993606567383
2920,338.740257254,train,2,19.696666717529297
2920,338.740257254,train,3,27.614593505859375
2930,339.886818935,train,0,19.362506866455078
2930,339.886818935,train,1,19.39842987060547
2930,339.886818935,train,2,19.761672973632812
2930,339.886818935,train,3,27.541770935058594
2940,341.033441618,train,0,19.35497283935547
2940,341.033441618,train,1,19.402925491333008
2940,341.033441618,train,2,19.857929229736328
2940,341.033441618,train,3,27.635971069335938
2950,342.180301515,train,0,19.34648895263672
2950,342.180301515,train,1,19.398366928100586
2950,342.180301515,train,2,19.91631317138672
2950,342.180301515,train,3,27.79784393310547
2960,343.327595264,train,0,19.33477210998535
2960,343.327595264,train,1,19.382034301757812
2960,343.327595264,train,2,19.759706497192383
2960,343.327595264,train,3,27.576560974121094
2970,344.474113101,train,0,19.327964782714844
2970,344.474113101,train,1,19.405330657958984
2970,344.474113101,train,2,19.852996826171875
2970,344.474113101,train,3,27.44137191772461
2980,345.620941001,train,0,19.314939498901367
2980,345.620941001,train,1,19.376888275146484
2980,345.620941001,train,2,19.737770080566406
2980,345.620941001,train,3,27.501859664916992
2990,346.767336811,train,0,19.30419921875
2990,346.767336811,train,1,19.37218475341797
2990,346.767336811,train,2,19.76388168334961
2990,346.767336811,train,3,27.582075119018555
3000,347.914143614,train,0,19.291887283325195
3000,347.914143614,train,1,19.36697769165039
3000,347.914143614,train,2,19.753536224365234
3000,347.914143614,train,3,27.613962173461914
3000,347.954634118,valid,0,19.29287338256836
3000,347.954634118,valid,1,19.382678985595703
3000,347.954634118,valid,2,19.78603172302246
3000,347.954634118,valid,3,27.610206604003906
3010,349.101843941,train,0,19.281307220458984
3010,349.101843941,train,1,19.36375617980957
3010,349.101843941,train,2,19.81316375732422
3010,349.101843941,train,3,27.81462860107422
3020,350.248425882,train,0,19.272014617919922
3020,350.248425882,train,1,19.37148094177246
3020,350.248425882,train,2,19.819568634033203
3020,350.248425882,train,3,27.56200408935547
3030,351.396143712,train,0,19.26221466064453
3030,351.396143712,train,1,19.353607177734375
3030,351.396143712,train,2,19.736919403076172
3030,351.396143712,train,3,27.63977813720703
3040,352.542497088,train,0,19.25178337097168
3040,352.542497088,train,1,19.346176147460938
3040,352.542497088,train,2,19.721881866455078
3040,352.542497088,train,3,27.670734405517578
3050,353.689537542,train,0,19.240341186523438
3050,353.689537542,train,1,19.352924346923828
3050,353.689537542,train,2,19.728466033935547
3050,353.689537542,train,3,27.60592269897461
3060,354.837494696,train,0,19.230052947998047
3060,354.837494696,train,1,19.353290557861328
3060,354.837494696,train,2,19.832054138183594
3060,354.837494696,train,3,27.629863739013672
3070,355.984664359,train,0,19.217044830322266
3070,355.984664359,train,1,19.33161163330078
3070,355.984664359,train,2,19.634063720703125
3070,355.984664359,train,3,27.4906063079834
3080,357.131228788,train,0,19.210432052612305
3080,357.131228788,train,1,19.335044860839844
3080,357.131228788,train,2,19.658233642578125
3080,357.131228788,train,3,27.569332122802734
3090,358.279011441,train,0,19.200580596923828
3090,358.279011441,train,1,19.331981658935547
3090,358.279011441,train,2,19.677701950073242
3090,358.279011441,train,3,27.49964714050293
3100,359.427173149,train,0,19.187334060668945
3100,359.427173149,train,1,19.32016372680664
3100,359.427173149,train,2,19.66735076904297
3100,359.427173149,train,3,27.605613708496094
3100,359.468038939,valid,0,19.189428329467773
3100,359.468038939,valid,1,19.340118408203125
3100,359.468038939,valid,2,19.66448974609375
3100,359.468038939,valid,3,27.33219337463379
3110,360.61500829,train,0,19.181013107299805
3110,360.61500829,train,1,19.312623977661133
3110,360.61500829,train,2,19.769107818603516
3110,360.61500829,train,3,27.59333610534668
3120,361.762239318,train,0,19.171981811523438
3120,361.762239318,train,1,19.33011817932129
3120,361.762239318,train,2,19.73099136352539
3120,361.762239318,train,3,27.565025329589844
3130,362.90962238000003,train,0,19.160564422607422
3130,362.90962238000003,train,1,19.29196548461914
3130,362.90962238000003,train,2,19.670852661132812
3130,362.90962238000003,train,3,27.397132873535156
3140,364.056462221,train,0,19.152620315551758
3140,364.056462221,train,1,19.31690216064453
3140,364.056462221,train,2,19.736797332763672
3140,364.056462221,train,3,27.530908584594727
3150,365.202355235,train,0,19.13965606689453
3150,365.202355235,train,1,19.295333862304688
3150,365.202355235,train,2,19.59864044189453
3150,365.202355235,train,3,27.354202270507812
3160,366.349306902,train,0,19.131736755371094
3160,366.349306902,train,1,19.298664093017578
3160,366.349306902,train,2,19.63967514038086
3160,366.349306902,train,3,27.286209106445312
3170,367.497306298,train,0,19.124048233032227
3170,367.497306298,train,1,19.286022186279297
3170,367.497306298,train,2,19.7011661529541
3170,367.497306298,train,3,27.554607391357422
3180,368.644149037,train,0,19.112384796142578
3180,368.644149037,train,1,19.290851593017578
3180,368.644149037,train,2,19.733781814575195
3180,368.644149037,train,3,27.356727600097656
3190,369.792445745,train,0,19.102197647094727
3190,369.792445745,train,1,19.292367935180664
3190,369.792445745,train,2,19.720243453979492
3190,369.792445745,train,3,27.473026275634766
3200,370.940465473,train,0,19.08966827392578
3200,370.940465473,train,1,19.271766662597656
3200,370.940465473,train,2,19.664356231689453
3200,370.940465473,train,3,27.394575119018555
3200,370.980909057,valid,0,19.090778350830078
3200,370.980909057,valid,1,19.27597427368164
3200,370.980909057,valid,2,19.71783447265625
3200,370.980909057,valid,3,27.440950393676758
3210,372.127653373,train,0,19.082334518432617
3210,372.127653373,train,1,19.28127098083496
3210,372.127653373,train,2,19.703594207763672
3210,372.127653373,train,3,27.45691680908203
3220,373.274546611,train,0,19.072406768798828
3220,373.274546611,train,1,19.27400016784668
3220,373.274546611,train,2,19.613033294677734
3220,373.274546611,train,3,27.429378509521484
3230,374.422752545,train,0,19.06194496154785
3230,374.422752545,train,1,19.273223876953125
3230,374.422752545,train,2,19.718076705932617
3230,374.422752545,train,3,27.469322204589844
3240,375.570270754,train,0,19.050155639648438
3240,375.570270754,train,1,19.2578182220459
3240,375.570270754,train,2,19.676164627075195
3240,375.570270754,train,3,27.539047241210938
3250,376.717409968,train,0,19.043291091918945
3250,376.717409968,train,1,19.266767501831055
3250,376.717409968,train,2,19.72201919555664
3250,376.717409968,train,3,27.531517028808594
3260,377.86413551,train,0,19.03519058227539
3260,377.86413551,train,1,19.253494262695312
3260,377.86413551,train,2,19.716873168945312
3260,377.86413551,train,3,27.533845901489258
3270,379.012608846,train,0,19.02566146850586
3270,379.012608846,train,1,19.258214950561523
3270,379.012608846,train,2,19.762807846069336
3270,379.012608846,train,3,27.519145965576172
3280,380.163041346,train,0,19.01063346862793
3280,380.163041346,train,1,19.232688903808594
3280,380.163041346,train,2,19.601722717285156
3280,380.163041346,train,3,27.399246215820312
3290,381.313249413,train,0,19.00247573852539
3290,381.313249413,train,1,19.242660522460938
3290,381.313249413,train,2,19.635129928588867
3290,381.313249413,train,3,27.261436462402344
3300,382.46013314,train,0,18.993324279785156
3300,382.46013314,train,1,19.236719131469727
3300,382.46013314,train,2,19.602088928222656
3300,382.46013314,train,3,27.369152069091797
3300,382.500798962,valid,0,18.990615844726562
3300,382.500798962,valid,1,19.24201774597168
3300,382.500798962,valid,2,19.649723052978516
3300,382.500798962,valid,3,27.361717224121094
3310,383.647428651,train,0,18.98418426513672
3310,383.647428651,train,1,19.236284255981445
3310,383.647428651,train,2,19.67755889892578
3310,383.647428651,train,3,27.344661712646484
3320,384.794159276,train,0,18.970727920532227
3320,384.794159276,train,1,19.223730087280273
3320,384.794159276,train,2,19.595195770263672
3320,384.794159276,train,3,27.42723846435547
3330,385.94154746,train,0,18.96278953552246
3330,385.94154746,train,1,19.22048568725586
3330,385.94154746,train,2,19.499542236328125
3330,385.94154746,train,3,27.28803825378418
3340,387.091272259,train,0,18.952878952026367
3340,387.091272259,train,1,19.217449188232422
3340,387.091272259,train,2,19.582839965820312
3340,387.091272259,train,3,27.254650115966797
3350,388.240607825,train,0,18.941587448120117
3350,388.240607825,train,1,19.20792007446289
3350,388.240607825,train,2,19.67809295654297
3350,388.240607825,train,3,27.402721405029297
3360,389.387000165,train,0,18.933725357055664
3360,389.387000165,train,1,19.213035583496094
3360,389.387000165,train,2,19.545616149902344
3360,389.387000165,train,3,27.28355598449707
3370,390.533712125,train,0,18.92573356628418
3370,390.533712125,train,1,19.1954288482666
3370,390.533712125,train,2,19.605527877807617
3370,390.533712125,train,3,27.538118362426758
3380,391.680583792,train,0,18.91400718688965
3380,391.680583792,train,1,19.18164825439453
3380,391.680583792,train,2,19.55364227294922
3380,391.680583792,train,3,27.458301544189453
3390,392.827390769,train,0,18.903343200683594
3390,392.827390769,train,1,19.18781089782715
3390,392.827390769,train,2,19.493873596191406
3390,392.827390769,train,3,27.394676208496094
3400,393.973686362,train,0,18.896827697753906
3400,393.973686362,train,1,19.200828552246094
3400,393.973686362,train,2,19.556133270263672
3400,393.973686362,train,3,27.223995208740234
3400,394.014760038,valid,0,18.894153594970703
3400,394.014760038,valid,1,19.1901912689209
3400,394.014760038,valid,2,19.5035400390625
3400,394.014760038,valid,3,27.28050422668457
3410,395.161719281,train,0,18.88625717163086
3410,395.161719281,train,1,19.1910457611084
3410,395.161719281,train,2,19.63422393798828
3410,395.161719281,train,3,27.351482391357422
3420,396.310450133,train,0,18.877111434936523
3420,396.310450133,train,1,19.169981002807617
3420,396.310450133,train,2,19.569469451904297
3420,396.310450133,train,3,27.422210693359375
3430,397.457603303,train,0,18.87053871154785
3430,397.457603303,train,1,19.186927795410156
3430,397.457603303,train,2,19.590463638305664
3430,397.457603303,train,3,27.433256149291992
3440,398.605982297,train,0,18.85987091064453
3440,398.605982297,train,1,19.17842674255371
3440,398.605982297,train,2,19.60171127319336
3440,398.605982297,train,3,27.304201126098633
3450,399.754312862,train,0,18.848350524902344
3450,399.754312862,train,1,19.174766540527344
3450,399.754312862,train,2,19.57708168029785
3450,399.754312862,train,3,27.354841232299805
3460,400.901502048,train,0,18.840200424194336
3460,400.901502048,train,1,19.164825439453125
3460,400.901502048,train,2,19.57435417175293
3460,400.901502048,train,3,27.46615219116211
3470,402.04887836,train,0,18.830738067626953
3470,402.04887836,train,1,19.164710998535156
3470,402.04887836,train,2,19.527427673339844
3470,402.04887836,train,3,27.28745460510254
3480,403.195777565,train,0,18.821317672729492
3480,403.195777565,train,1,19.165420532226562
3480,403.195777565,train,2,19.59144401550293
3480,403.195777565,train,3,27.238370895385742
3490,404.345140419,train,0,18.812755584716797
3490,404.345140419,train,1,19.158737182617188
3490,404.345140419,train,2,19.566484451293945
3490,404.345140419,train,3,27.22442626953125
3500,405.49422726,train,0,18.806562423706055
3500,405.49422726,train,1,19.154769897460938
3500,405.49422726,train,2,19.52562713623047
3500,405.49422726,train,3,27.35744857788086
3500,405.535163987,valid,0,18.805908203125
3500,405.535163987,valid,1,19.157466888427734
3500,405.535163987,valid,2,19.5412540435791
3500,405.535163987,valid,3,27.34202766418457
3510,406.682653736,train,0,18.79888343811035
3510,406.682653736,train,1,19.158660888671875
3510,406.682653736,train,2,19.490203857421875
3510,406.682653736,train,3,27.279911041259766
3520,407.830220354,train,0,18.787368774414062
3520,407.830220354,train,1,19.1512393951416
3520,407.830220354,train,2,19.47123908996582
3520,407.830220354,train,3,27.134357452392578
3530,408.977885025,train,0,18.77878189086914
3530,408.977885025,train,1,19.141094207763672
3530,408.977885025,train,2,19.52826690673828
3530,408.977885025,train,3,27.339902877807617
3540,410.125350383,train,0,18.770809173583984
3540,410.125350383,train,1,19.13711929321289
3540,410.125350383,train,2,19.56608772277832
3540,410.125350383,train,3,27.31875991821289
3550,411.274035246,train,0,18.76105499267578
3550,411.274035246,train,1,19.144962310791016
3550,411.274035246,train,2,19.596288681030273
3550,411.274035246,train,3,27.3398380279541
3560,412.421922222,train,0,18.751989364624023
3560,412.421922222,train,1,19.1405086517334
3560,412.421922222,train,2,19.53045654296875
3560,412.421922222,train,3,27.25499725341797
3570,413.570210421,train,0,18.744131088256836
3570,413.570210421,train,1,19.13322639465332
3570,413.570210421,train,2,19.468400955200195
3570,413.570210421,train,3,27.17109489440918
3580,414.717205639,train,0,18.73428726196289
3580,414.717205639,train,1,19.127605438232422
3580,414.717205639,train,2,19.500804901123047
3580,414.717205639,train,3,27.273622512817383
3590,415.864457463,train,0,18.725357055664062
3590,415.864457463,train,1,19.12811279296875
3590,415.864457463,train,2,19.512605667114258
3590,415.864457463,train,3,27.27157974243164
3600,417.01087312,train,0,18.716943740844727
3600,417.01087312,train,1,19.12053108215332
3600,417.01087312,train,2,19.528301239013672
3600,417.01087312,train,3,27.29850959777832
3600,417.051152965,valid,0,18.716520309448242
3600,417.051152965,valid,1,19.117050170898438
3600,417.051152965,valid,2,19.43431854248047
3600,417.051152965,valid,3,27.240211486816406
3610,418.197883702,train,0,18.708316802978516
3610,418.197883702,train,1,19.113483428955078
3610,418.197883702,train,2,19.559858322143555
3610,418.197883702,train,3,27.532962799072266
3620,419.344533411,train,0,18.69940948486328
3620,419.344533411,train,1,19.119739532470703
3620,419.344533411,train,2,19.477935791015625
3620,419.344533411,train,3,27.212146759033203
3630,420.491829135,train,0,18.692344665527344
3630,420.491829135,train,1,19.103851318359375
3630,420.491829135,train,2,19.566547393798828
3630,420.491829135,train,3,27.376087188720703
3640,421.638075904,train,0,18.686433792114258
3640,421.638075904,train,1,19.10648536682129
3640,421.638075904,train,2,19.524860382080078
3640,421.638075904,train,3,27.312047958374023
3650,422.784885799,train,0,18.679100036621094
3650,422.784885799,train,1,19.110977172851562
3650,422.784885799,train,2,19.49069595336914
3650,422.784885799,train,3,27.16799545288086
3660,423.931517237,train,0,18.67027473449707
3660,423.931517237,train,1,19.10007095336914
3660,423.931517237,train,2,19.476150512695312
3660,423.931517237,train,3,27.1270694732666
3670,425.07817781,train,0,18.658855438232422
3670,425.07817781,train,1,19.10979652404785
3670,425.07817781,train,2,19.615345001220703
3670,425.07817781,train,3,27.316932678222656
3680,426.224750001,train,0,18.650102615356445
3680,426.224750001,train,1,19.077239990234375
3680,426.224750001,train,2,19.43482208251953
3680,426.224750001,train,3,27.233510971069336
3690,427.37144130400003,train,0,18.64040184020996
3690,427.37144130400003,train,1,19.093297958374023
3690,427.37144130400003,train,2,19.515369415283203
3690,427.37144130400003,train,3,27.330821990966797
3700,428.51808604400003,train,0,18.628793716430664
3700,428.51808604400003,train,1,19.076953887939453
3700,428.51808604400003,train,2,19.36302947998047
3700,428.51808604400003,train,3,27.305675506591797
3700,428.558857033,valid,0,18.628183364868164
3700,428.558857033,valid,1,19.084739685058594
3700,428.558857033,valid,2,19.519210815429688
3700,428.558857033,valid,3,27.44534683227539
3710,429.705538791,train,0,18.622516632080078
3710,429.705538791,train,1,19.07672882080078
3710,429.705538791,train,2,19.43671417236328
3710,429.705538791,train,3,27.157865524291992
3720,430.852135913,train,0,18.614084243774414
3720,430.852135913,train,1,19.083621978759766
3720,430.852135913,train,2,19.47705078125
3720,430.852135913,train,3,27.25902557373047
3730,431.998571476,train,0,18.609020233154297
3730,431.998571476,train,1,19.078712463378906
3730,431.998571476,train,2,19.47430419921875
3730,431.998571476,train,3,27.159069061279297
3740,433.145384718,train,0,18.599271774291992
3740,433.145384718,train,1,19.075788497924805
3740,433.145384718,train,2,19.468555450439453
3740,433.145384718,train,3,27.253173828125
3750,434.292248424,train,0,18.591278076171875
3750,434.292248424,train,1,19.071056365966797
3750,434.292248424,train,2,19.39432144165039
3750,434.292248424,train,3,27.244115829467773
3760,435.43952358,train,0,18.578296661376953
3760,435.43952358,train,1,19.0628662109375
3760,435.43952358,train,2,19.436609268188477
3760,435.43952358,train,3,27.143098831176758
3770,436.587031036,train,0,18.567821502685547
3770,436.587031036,train,1,19.059955596923828
3770,436.587031036,train,2,19.357669830322266
3770,436.587031036,train,3,27.222597122192383
3780,437.73428046600003,train,0,18.560529708862305
3780,437.73428046600003,train,1,19.056886672973633
3780,437.73428046600003,train,2,19.45621109008789
3780,437.73428046600003,train,3,27.301382064819336
3790,438.881110279,train,0,18.55152130126953
3790,438.881110279,train,1,19.056285858154297
3790,438.881110279,train,2,19.48103141784668
3790,438.881110279,train,3,27.26068115234375
3800,440.028441477,train,0,18.545351028442383
3800,440.028441477,train,1,19.050209045410156
3800,440.028441477,train,2,19.337432861328125
3800,440.028441477,train,3,27.091751098632812
3800,440.069876709,valid,0,18.542081832885742
3800,440.069876709,valid,1,19.053272247314453
3800,440.069876709,valid,2,19.371015548706055
3800,440.069876709,valid,3,27.091493606567383
3810,441.219440126,train,0,18.534332275390625
3810,441.219440126,train,1,19.042278289794922
3810,441.219440126,train,2,19.38556671142578
3810,441.219440126,train,3,27.102052688598633
3820,442.368031746,train,0,18.522127151489258
3820,442.368031746,train,1,19.044662475585938
3820,442.368031746,train,2,19.490856170654297
3820,442.368031746,train,3,27.20123863220215
3830,443.515500548,train,0,18.516515731811523
3830,443.515500548,train,1,19.03810691833496
3830,443.515500548,train,2,19.432077407836914
3830,443.515500548,train,3,27.101219177246094
3840,444.662426937,train,0,18.511520385742188
3840,444.662426937,train,1,19.025421142578125
3840,444.662426937,train,2,19.36373519897461
3840,444.662426937,train,3,27.28122329711914
3850,445.80966528,train,0,18.501863479614258
3850,445.80966528,train,1,19.030834197998047
3850,445.80966528,train,2,19.406108856201172
3850,445.80966528,train,3,27.28445053100586
3860,446.956418218,train,0,18.49262809753418
3860,446.956418218,train,1,19.022167205810547
3860,446.956418218,train,2,19.36294174194336
3860,446.956418218,train,3,27.21558952331543
3870,448.102905159,train,0,18.484752655029297
3870,448.102905159,train,1,19.02667236328125
3870,448.102905159,train,2,19.390724182128906
3870,448.102905159,train,3,27.296085357666016
3880,449.250671309,train,0,18.474998474121094
3880,449.250671309,train,1,19.016300201416016
3880,449.250671309,train,2,19.41196632385254
3880,449.250671309,train,3,27.324316024780273
3890,450.398546983,train,0,18.467144012451172
3890,450.398546983,train,1,19.023117065429688
3890,450.398546983,train,2,19.45684814453125
3890,450.398546983,train,3,27.194883346557617
3900,451.545025567,train,0,18.457719802856445
3900,451.545025567,train,1,19.007761001586914
3900,451.545025567,train,2,19.41745376586914
3900,451.545025567,train,3,27.12038803100586
3900,451.585612527,valid,0,18.461519241333008
3900,451.585612527,valid,1,19.009693145751953
3900,451.585612527,valid,2,19.432289123535156
3900,451.585612527,valid,3,27.22998046875
3910,452.732287401,train,0,18.450927734375
3910,452.732287401,train,1,19.011974334716797
3910,452.732287401,train,2,19.366260528564453
3910,452.732287401,train,3,27.20913314819336
3920,453.879118825,train,0,18.44247817993164
3920,453.879118825,train,1,19.000835418701172
3920,453.879118825,train,2,19.357646942138672
3920,453.879118825,train,3,27.235353469848633
3930,455.025664929,train,0,18.436847686767578
3930,455.025664929,train,1,18.999624252319336
3930,455.025664929,train,2,19.397232055664062
3930,455.025664929,train,3,27.234703063964844
3940,456.172648399,train,0,18.425424575805664
3940,456.172648399,train,1,18.995895385742188
3940,456.172648399,train,2,19.35408592224121
3940,456.172648399,train,3,26.928417205810547
3950,457.319216863,train,0,18.41832733154297
3950,457.319216863,train,1,18.98729133605957
3950,457.319216863,train,2,19.378028869628906
3950,457.319216863,train,3,27.130847930908203
3960,458.466106832,train,0,18.408824920654297
3960,458.466106832,train,1,18.98649024963379
3960,458.466106832,train,2,19.310455322265625
3960,458.466106832,train,3,27.203813552856445
3970,459.612487516,train,0,18.401771545410156
3970,459.612487516,train,1,18.982425689697266
3970,459.612487516,train,2,19.349796295166016
3970,459.612487516,train,3,26.981325149536133
3980,460.759114936,train,0,18.396013259887695
3980,460.759114936,train,1,18.975419998168945
3980,460.759114936,train,2,19.28390121459961
3980,460.759114936,train,3,27.216196060180664
3990,461.906017011,train,0,18.38653564453125
3990,461.906017011,train,1,18.989028930664062
3990,461.906017011,train,2,19.381214141845703
3990,461.906017011,train,3,27.11870574951172
4000,463.052818712,train,0,18.37814712524414
4000,463.052818712,train,1,18.978063583374023
4000,463.052818712,train,2,19.342864990234375
4000,463.052818712,train,3,26.98794937133789
4000,463.093038637,valid,0,18.377267837524414
4000,463.093038637,valid,1,18.973100662231445
4000,463.093038637,valid,2,19.305469512939453
4000,463.093038637,valid,3,26.945026397705078
4010,464.239661797,train,0,18.369033813476562
4010,464.239661797,train,1,18.962120056152344
4010,464.239661797,train,2,19.352622985839844
4010,464.239661797,train,3,27.17608070373535
4020,465.386979687,train,0,18.36168098449707
4020,465.386979687,train,1,18.973800659179688
4020,465.386979687,train,2,19.3096923828125
4020,465.386979687,train,3,27.056379318237305
4030,466.53346504900003,train,0,18.3525390625
4030,466.53346504900003,train,1,18.958288192749023
4030,466.53346504900003,train,2,19.330970764160156
4030,466.53346504900003,train,3,27.039897918701172
4040,467.682091531,train,0,18.345840454101562
4040,467.682091531,train,1,18.95985984802246
4040,467.682091531,train,2,19.40435791015625
4040,467.682091531,train,3,27.243545532226562
4050,468.829729886,train,0,18.338951110839844
4050,468.829729886,train,1,18.967540740966797
4050,468.829729886,train,2,19.361923217773438
4050,468.829729886,train,3,27.079864501953125
4060,469.975965394,train,0,18.327444076538086
4060,469.975965394,train,1,18.958715438842773
4060,469.975965394,train,2,19.356962203979492
4060,469.975965394,train,3,27.077470779418945
4070,471.122198652,train,0,18.320907592773438
4070,471.122198652,train,1,18.951467514038086
4070,471.122198652,train,2,19.340885162353516
4070,471.122198652,train,3,27.158884048461914
4080,472.268590127,train,0,18.312530517578125
4080,472.268590127,train,1,18.941558837890625
4080,472.268590127,train,2,19.263322830200195
4080,472.268590127,train,3,27.20893669128418
4090,473.415241706,train,0,18.30584716796875
4090,473.415241706,train,1,18.948179244995117
4090,473.415241706,train,2,19.34686851501465
4090,473.415241706,train,3,27.209781646728516
4100,474.56198177,train,0,18.29925537109375
4100,474.56198177,train,1,18.94927406311035
4100,474.56198177,train,2,19.439834594726562
4100,474.56198177,train,3,27.268922805786133
4100,474.602796727,valid,0,18.295000076293945
4100,474.602796727,valid,1,18.941608428955078
4100,474.602796727,valid,2,19.358047485351562
4100,474.602796727,valid,3,27.11716079711914
4110,475.749947172,train,0,18.29016876220703
4110,475.749947172,train,1,18.940082550048828
4110,475.749947172,train,2,19.33074378967285
4110,475.749947172,train,3,27.175439834594727
4120,476.896592022,train,0,18.282882690429688
4120,476.896592022,train,1,18.94818878173828
4120,476.896592022,train,2,19.411407470703125
4120,476.896592022,train,3,26.99526596069336
4130,478.043391135,train,0,18.272228240966797
4130,478.043391135,train,1,18.93535614013672
4130,478.043391135,train,2,19.325218200683594
4130,478.043391135,train,3,27.058361053466797
4140,479.18976455,train,0,18.26591682434082
4140,479.18976455,train,1,18.941587448120117
4140,479.18976455,train,2,19.292268753051758
4140,479.18976455,train,3,26.93692970275879
4150,480.336382627,train,0,18.257461547851562
4150,480.336382627,train,1,18.91802406311035
4150,480.336382627,train,2,19.2056884765625
4150,480.336382627,train,3,27.11347770690918
4160,481.482832334,train,0,18.249797821044922
4160,481.482832334,train,1,18.919921875
4160,481.482832334,train,2,19.329326629638672
4160,481.482832334,train,3,27.18337631225586
4170,482.630162334,train,0,18.24254035949707
4170,482.630162334,train,1,18.908538818359375
4170,482.630162334,train,2,19.258224487304688
4170,482.630162334,train,3,27.11404800415039
4180,483.777825467,train,0,18.234325408935547
4180,483.777825467,train,1,18.932754516601562
4180,483.777825467,train,2,19.3411865234375
4180,483.777825467,train,3,27.103532791137695
4190,484.929674401,train,0,18.2252197265625
4190,484.929674401,train,1,18.922405242919922
4190,484.929674401,train,2,19.323780059814453
4190,484.929674401,train,3,26.959348678588867
4200,486.07998169,train,0,18.21628761291504
4200,486.07998169,train,1,18.900737762451172
4200,486.07998169,train,2,19.258235931396484
4200,486.07998169,train,3,27.19717788696289
4200,486.12217535,valid,0,18.218982696533203
4200,486.12217535,valid,1,18.90414810180664
4200,486.12217535,valid,2,19.245208740234375
4200,486.12217535,valid,3,27.002891540527344
4210,487.270876054,train,0,18.213130950927734
4210,487.270876054,train,1,18.91838264465332
4210,487.270876054,train,2,19.347043991088867
4210,487.270876054,train,3,27.210494995117188
4220,488.418476478,train,0,18.205982208251953
4220,488.418476478,train,1,18.921146392822266
4220,488.418476478,train,2,19.369503021240234
4220,488.418476478,train,3,27.09522247314453
4230,489.565993914,train,0,18.19741439819336
4230,489.565993914,train,1,18.892261505126953
4230,489.565993914,train,2,19.281818389892578
4230,489.565993914,train,3,27.233989715576172
4240,490.71270086100003,train,0,18.19116973876953
4240,490.71270086100003,train,1,18.90502166748047
4240,490.71270086100003,train,2,19.275279998779297
4240,490.71270086100003,train,3,27.106035232543945
4250,491.859083875,train,0,18.18214988708496
4250,491.859083875,train,1,18.89777374267578
4250,491.859083875,train,2,19.254703521728516
4250,491.859083875,train,3,27.08376693725586
4260,493.012337564,train,0,18.175312042236328
4260,493.012337564,train,1,18.8896541595459
4260,493.012337564,train,2,19.22087860107422
4260,493.012337564,train,3,27.01742935180664
4270,494.162918576,train,0,18.167877197265625
4270,494.162918576,train,1,18.891677856445312
4270,494.162918576,train,2,19.29363250732422
4270,494.162918576,train,3,27.15976333618164
4280,495.309782873,train,0,18.162504196166992
4280,495.309782873,train,1,18.885902404785156
4280,495.309782873,train,2,19.294828414916992
4280,495.309782873,train,3,27.021610260009766
4290,496.457190384,train,0,18.153369903564453
4290,496.457190384,train,1,18.88376235961914
4290,496.457190384,train,2,19.2535343170166
4290,496.457190384,train,3,27.090717315673828
4300,497.604379671,train,0,18.143760681152344
4300,497.604379671,train,1,18.874902725219727
4300,497.604379671,train,2,19.26152801513672
4300,497.604379671,train,3,27.036218643188477
4300,497.64498589,valid,0,18.143199920654297
4300,497.64498589,valid,1,18.872608184814453
4300,497.64498589,valid,2,19.211395263671875
4300,497.64498589,valid,3,26.9797306060791
4310,498.791716415,train,0,18.13851547241211
4310,498.791716415,train,1,18.876352310180664
4310,498.791716415,train,2,19.22383689880371
4310,498.791716415,train,3,27.243223190307617
4320,499.940177226,train,0,18.133501052856445
4320,499.940177226,train,1,18.876232147216797
4320,499.940177226,train,2,19.25759506225586
4320,499.940177226,train,3,27.26757049560547
4330,501.088358873,train,0,18.127178192138672
4330,501.088358873,train,1,18.86371612548828
4330,501.088358873,train,2,19.259593963623047
4330,501.088358873,train,3,27.10444450378418
4340,502.235276378,train,0,18.117572784423828
4340,502.235276378,train,1,18.870023727416992
4340,502.235276378,train,2,19.2882022857666
4340,502.235276378,train,3,26.998302459716797
4350,503.385325657,train,0,18.11100196838379
4350,503.385325657,train,1,18.864057540893555
4350,503.385325657,train,2,19.269840240478516
4350,503.385325657,train,3,27.091386795043945
4360,504.537830339,train,0,18.102933883666992
4360,504.537830339,train,1,18.852500915527344
4360,504.537830339,train,2,19.198223114013672
4360,504.537830339,train,3,27.075206756591797
4370,505.688207476,train,0,18.097381591796875
4370,505.688207476,train,1,18.857574462890625
4370,505.688207476,train,2,19.206188201904297
4370,505.688207476,train,3,27.1727352142334
4380,506.836543118,train,0,18.090097427368164
4380,506.836543118,train,1,18.844894409179688
4380,506.836543118,train,2,19.201919555664062
4380,506.836543118,train,3,27.072072982788086
4390,507.984753269,train,0,18.083335876464844
4390,507.984753269,train,1,18.853958129882812
4390,507.984753269,train,2,19.23542022705078
4390,507.984753269,train,3,27.011507034301758
4400,509.132761661,train,0,18.078510284423828
4400,509.132761661,train,1,18.852840423583984
4400,509.132761661,train,2,19.133281707763672
4400,509.132761661,train,3,26.991374969482422
4400,509.173346991,valid,0,18.077028274536133
4400,509.173346991,valid,1,18.853397369384766
4400,509.173346991,valid,2,19.07428741455078
4400,509.173346991,valid,3,26.870086669921875
4410,510.32091712899995,train,0,18.067699432373047
4410,510.32091712899995,train,1,18.84159278869629
4410,510.32091712899995,train,2,19.201644897460938
4410,510.32091712899995,train,3,27.17205047607422
4420,511.46734414200006,train,0,18.064109802246094
4420,511.46734414200006,train,1,18.845666885375977
4420,511.46734414200006,train,2,19.247596740722656
4420,511.46734414200006,train,3,27.298725128173828
4430,512.61432824,train,0,18.05385398864746
4430,512.61432824,train,1,18.837848663330078
4430,512.61432824,train,2,19.160324096679688
4430,512.61432824,train,3,27.008804321289062
4440,513.7610011779999,train,0,18.05133628845215
4440,513.7610011779999,train,1,18.85179901123047
4440,513.7610011779999,train,2,19.194198608398438
4440,513.7610011779999,train,3,27.003467559814453
4450,514.9070495589999,train,0,18.04125213623047
4450,514.9070495589999,train,1,18.841114044189453
4450,514.9070495589999,train,2,19.288497924804688
4450,514.9070495589999,train,3,27.17172622680664
4460,516.0542474609999,train,0,18.033756256103516
4460,516.0542474609999,train,1,18.843313217163086
4460,516.0542474609999,train,2,19.20504379272461
4460,516.0542474609999,train,3,26.903289794921875
4470,517.200884719,train,0,18.02918815612793
4470,517.200884719,train,1,18.829057693481445
4470,517.200884719,train,2,19.13306427001953
4470,517.200884719,train,3,27.10974884033203
4480,518.34697317,train,0,18.023698806762695
4480,518.34697317,train,1,18.83156967163086
4480,518.34697317,train,2,19.208967208862305
4480,518.34697317,train,3,27.244916915893555
4490,519.493470368,train,0,18.016014099121094
4490,519.493470368,train,1,18.829296112060547
4490,519.493470368,train,2,19.210235595703125
4490,519.493470368,train,3,27.05162811279297
4500,520.6405550259999,train,0,18.01136589050293
4500,520.6405550259999,train,1,18.819618225097656
4500,520.6405550259999,train,2,19.15822982788086
4500,520.6405550259999,train,3,27.16304588317871
4500,520.681070056,valid,0,18.01079559326172
4500,520.681070056,valid,1,18.827421188354492
4500,520.681070056,valid,2,19.196895599365234
4500,520.681070056,valid,3,27.057941436767578
4510,521.827946174,train,0,18.004901885986328
4510,521.827946174,train,1,18.82505989074707
4510,521.827946174,train,2,19.308399200439453
4510,521.827946174,train,3,27.180482864379883
4520,522.974390217,train,0,17.996620178222656
4520,522.974390217,train,1,18.821386337280273
4520,522.974390217,train,2,19.178293228149414
4520,522.974390217,train,3,27.186279296875
4530,524.1209951669999,train,0,17.991531372070312
4530,524.1209951669999,train,1,18.81926727294922
4530,524.1209951669999,train,2,19.249732971191406
4530,524.1209951669999,train,3,27.15774917602539
4540,525.267932959,train,0,17.9819393157959
4540,525.267932959,train,1,18.815723419189453
4540,525.267932959,train,2,19.18359375
4540,525.267932959,train,3,27.058326721191406
4550,526.4163111619999,train,0,17.97272491455078
4550,526.4163111619999,train,1,18.796810150146484
4550,526.4163111619999,train,2,19.141443252563477
4550,526.4163111619999,train,3,27.111169815063477
4560,527.563740963,train,0,17.972904205322266
4560,527.563740963,train,1,18.810401916503906
4560,527.563740963,train,2,19.11623764038086
4560,527.563740963,train,3,26.893468856811523
4570,528.71018669,train,0,17.96538543701172
4570,528.71018669,train,1,18.805355072021484
4570,528.71018669,train,2,19.13719940185547
4570,528.71018669,train,3,27.0303955078125
4580,529.856446391,train,0,17.95895004272461
4580,529.856446391,train,1,18.81448745727539
4580,529.856446391,train,2,19.195419311523438
4580,529.856446391,train,3,27.058509826660156
4590,531.002975279,train,0,17.952457427978516
4590,531.002975279,train,1,18.790386199951172
4590,531.002975279,train,2,19.180742263793945
4590,531.002975279,train,3,27.01949691772461
4600,532.149726423,train,0,17.945276260375977
4600,532.149726423,train,1,18.8002872467041
4600,532.149726423,train,2,19.168869018554688
4600,532.149726423,train,3,27.061195373535156
4600,532.1919994519999,valid,0,17.943931579589844
4600,532.1919994519999,valid,1,18.800588607788086
4600,532.1919994519999,valid,2,19.15716552734375
4600,532.1919994519999,valid,3,27.02377700805664
4610,533.339299669,train,0,17.937076568603516
4610,533.339299669,train,1,18.783117294311523
4610,533.339299669,train,2,19.174785614013672
4610,533.339299669,train,3,27.039867401123047
4620,534.4859973299999,train,0,17.932422637939453
4620,534.4859973299999,train,1,18.785200119018555
4620,534.4859973299999,train,2,19.120697021484375
4620,534.4859973299999,train,3,27.024059295654297
4630,535.6344586649999,train,0,17.92498779296875
4630,535.6344586649999,train,1,18.78789520263672
4630,535.6344586649999,train,2,19.136184692382812
4630,535.6344586649999,train,3,27.092117309570312
4640,536.7816473409999,train,0,17.919158935546875
4640,536.7816473409999,train,1,18.777835845947266
4640,536.7816473409999,train,2,19.133567810058594
4640,536.7816473409999,train,3,27.05490493774414
4650,537.929215163,train,0,17.914417266845703
4650,537.929215163,train,1,18.77322769165039
4650,537.929215163,train,2,19.08456039428711
4650,537.929215163,train,3,26.955615997314453
4660,539.076244836,train,0,17.90721321105957
4660,539.076244836,train,1,18.774372100830078
4660,539.076244836,train,2,19.078359603881836
4660,539.076244836,train,3,27.058216094970703
4670,540.2241506649999,train,0,17.90023422241211
4670,540.2241506649999,train,1,18.78535270690918
4670,540.2241506649999,train,2,19.15243148803711
4670,540.2241506649999,train,3,26.86728286743164
4680,541.3716598139999,train,0,17.89456558227539
4680,541.3716598139999,train,1,18.77988052368164
4680,541.3716598139999,train,2,19.139436721801758
4680,541.3716598139999,train,3,27.02424430847168
4690,542.519519989,train,0,17.88784408569336
4690,542.519519989,train,1,18.776668548583984
4690,542.519519989,train,2,19.10578155517578
4690,542.519519989,train,3,26.928680419921875
4700,543.666551724,train,0,17.884233474731445
4700,543.666551724,train,1,18.778757095336914
4700,543.666551724,train,2,19.170185089111328
4700,543.666551724,train,3,26.97634506225586
4700,543.707496559,valid,0,17.885900497436523
4700,543.707496559,valid,1,18.774070739746094
4700,543.707496559,valid,2,19.15037727355957
4700,543.707496559,valid,3,27.01454734802246
4710,544.8542651329999,train,0,17.878684997558594
4710,544.8542651329999,train,1,18.779571533203125
4710,544.8542651329999,train,2,19.18142318725586
4710,544.8542651329999,train,3,27.117469787597656
4720,546.000689117,train,0,17.872051239013672
4720,546.000689117,train,1,18.75794219970703
4720,546.000689117,train,2,19.101978302001953
4720,546.000689117,train,3,27.111732482910156
4730,547.1477154559999,train,0,17.863798141479492
4730,547.1477154559999,train,1,18.759916305541992
4730,547.1477154559999,train,2,19.12055206298828
4730,547.1477154559999,train,3,27.199359893798828
4740,548.294449462,train,0,17.857547760009766
4740,548.294449462,train,1,18.762264251708984
4740,548.294449462,train,2,19.161020278930664
4740,548.294449462,train,3,26.981386184692383
4750,549.441568452,train,0,17.85295867919922
4750,549.441568452,train,1,18.759286880493164
4750,549.441568452,train,2,19.082088470458984
4750,549.441568452,train,3,27.00088882446289
4760,550.5882032979999,train,0,17.8507080078125
4760,550.5882032979999,train,1,18.758296966552734
4760,550.5882032979999,train,2,19.15110206604004
4760,550.5882032979999,train,3,27.03141975402832
4770,551.7368554579999,train,0,17.841115951538086
4770,551.7368554579999,train,1,18.7685546875
4770,551.7368554579999,train,2,19.237712860107422
4770,551.7368554579999,train,3,27.0701904296875
4780,552.8858034819999,train,0,17.833938598632812
4780,552.8858034819999,train,1,18.74579429626465
4780,552.8858034819999,train,2,19.051870346069336
4780,552.8858034819999,train,3,26.919723510742188
4790,554.032318046,train,0,17.82757568359375
4790,554.032318046,train,1,18.741779327392578
4790,554.032318046,train,2,19.07427215576172
4790,554.032318046,train,3,26.993309020996094
4800,555.1794477379999,train,0,17.82167625427246
4800,555.1794477379999,train,1,18.7480525970459
4800,555.1794477379999,train,2,19.106294631958008
4800,555.1794477379999,train,3,27.098711013793945
4800,555.2197364199999,valid,0,17.82077980041504
4800,555.2197364199999,valid,1,18.747882843017578
4800,555.2197364199999,valid,2,19.09034538269043
4800,555.2197364199999,valid,3,27.059720993041992
4810,556.3668407219999,train,0,17.818038940429688
4810,556.3668407219999,train,1,18.739139556884766
4810,556.3668407219999,train,2,19.077219009399414
4810,556.3668407219999,train,3,26.963932037353516
4820,557.513026739,train,0,17.811620712280273
4820,557.513026739,train,1,18.747364044189453
4820,557.513026739,train,2,19.11376953125
4820,557.513026739,train,3,26.925527572631836
4830,558.6591065849999,train,0,17.80340576171875
4830,558.6591065849999,train,1,18.73772621154785
4830,558.6591065849999,train,2,19.141765594482422
4830,558.6591065849999,train,3,27.126256942749023
4840,559.8053781579999,train,0,17.80202865600586
4840,559.8053781579999,train,1,18.740571975708008
4840,559.8053781579999,train,2,19.044498443603516
4840,559.8053781579999,train,3,27.003339767456055
4850,560.951610515,train,0,17.79160499572754
4850,560.951610515,train,1,18.729209899902344
4850,560.951610515,train,2,19.119953155517578
4850,560.951610515,train,3,27.124895095825195
4860,562.097862836,train,0,17.786426544189453
4860,562.097862836,train,1,18.730234146118164
4860,562.097862836,train,2,19.0808162689209
4860,562.097862836,train,3,27.155284881591797
4870,563.2454051029999,train,0,17.783048629760742
4870,563.2454051029999,train,1,18.72780990600586
4870,563.2454051029999,train,2,19.066049575805664
4870,563.2454051029999,train,3,27.030696868896484
4880,564.391610939,train,0,17.778244018554688
4880,564.391610939,train,1,18.720542907714844
4880,564.391610939,train,2,19.050186157226562
4880,564.391610939,train,3,26.96460723876953
4890,565.5378539369999,train,0,17.77059555053711
4890,565.5378539369999,train,1,18.726083755493164
4890,565.5378539369999,train,2,19.116470336914062
4890,565.5378539369999,train,3,27.15538787841797
4900,566.6837589009999,train,0,17.762332916259766
4900,566.6837589009999,train,1,18.724853515625
4900,566.6837589009999,train,2,19.16268539428711
4900,566.6837589009999,train,3,27.187950134277344
4900,566.724016293,valid,0,17.761857986450195
4900,566.724016293,valid,1,18.723819732666016
4900,566.724016293,valid,2,19.12571144104004
4900,566.724016293,valid,3,27.040428161621094
4910,567.8708175659999,train,0,17.756275177001953
4910,567.8708175659999,train,1,18.725284576416016
4910,567.8708175659999,train,2,19.038921356201172
4910,567.8708175659999,train,3,26.899982452392578
4920,569.0174799289999,train,0,17.752702713012695
4920,569.0174799289999,train,1,18.71213722229004
4920,569.0174799289999,train,2,18.973876953125
4920,569.0174799289999,train,3,27.167011260986328
4930,570.1637464629999,train,0,17.74517059326172
4930,570.1637464629999,train,1,18.711673736572266
4930,570.1637464629999,train,2,19.058765411376953
4930,570.1637464629999,train,3,26.959556579589844
4940,571.3102180449999,train,0,17.742305755615234
4940,571.3102180449999,train,1,18.70773696899414
4940,571.3102180449999,train,2,19.028776168823242
4940,571.3102180449999,train,3,27.10980987548828
4950,572.456338244,train,0,17.736942291259766
4950,572.456338244,train,1,18.70815086364746
4950,572.456338244,train,2,19.0594482421875
4950,572.456338244,train,3,27.191179275512695
4960,573.6024168639999,train,0,17.72882843017578
4960,573.6024168639999,train,1,18.69900894165039
4960,573.6024168639999,train,2,19.069721221923828
4960,573.6024168639999,train,3,27.00556755065918
4970,574.748346782,train,0,17.72718048095703
4970,574.748346782,train,1,18.709579467773438
4970,574.748346782,train,2,19.12152099609375
4970,574.748346782,train,3,27.158615112304688
4980,575.8945884469999,train,0,17.716167449951172
4980,575.8945884469999,train,1,18.696109771728516
4980,575.8945884469999,train,2,18.964895248413086
4980,575.8945884469999,train,3,26.86585235595703
4990,577.040982194,train,0,17.712764739990234
4990,577.040982194,train,1,18.718399047851562
4990,577.040982194,train,2,19.14044952392578
4990,577.040982194,train,3,27.130266189575195
